,Unnamed: 0,index,Name,AMP Probability,Sequence,0,1,2,3,4,Annotation,AAU,CTO,NOR,PLP
0,0,46313,Nfu_p_1_051016 geneid=Nfu_g_1_021306 transcriptid=Nfu_t_1_051016 proteinid=Nfu_p_1_051016 gene=PROK2 annotation=prokineticin 2,0.9994361136440156,MLKRFVEVKLEVVLGACERDSQCGGGMCCAVSLWIPSLRMCMPMGREEDSCHPLSHKVPFFGKRLHHTCPCLPNLSCTTIDRGKSKCLSPYKYPEYFL,Nfu_p_1_051016,geneid=Nfu_g_1_021306,transcriptid=Nfu_t_1_051016,proteinid=Nfu_p_1_051016,prok2,prokineticin 2,19797.0,2501.0,10426.0,22789.0
1,1,30292,"Nfu_p_1_015546 geneid=Nfu_g_1_006434 transcriptid=Nfu_t_1_015546 proteinid=Nfu_p_1_015546 gene=Nfu_g_1_006434 annotation=Chromosome 2 SCAF8387, whole genome shotgun sequence  0 Uncharacterized protein",0.9991094270649368,MKTVVFAVLVFLLISQNEALKCYCGGKRQCPDRIETCIGSDSVCISASFYGVPQPFYFKGCYRESDCVKVNMPGMSSASCCRTDLCNR,Nfu_p_1_015546,geneid=Nfu_g_1_006434,transcriptid=Nfu_t_1_015546,proteinid=Nfu_p_1_015546,nfu_g_1_006434,"Chromosome 2 SCAF8387, whole genome shotgun sequence  0 Uncharacterized protein",,,,
2,2,26571,Nfu_p_1_057963 geneid=Nfu_g_1_024966 transcriptid=Nfu_t_1_057963 proteinid=Nfu_p_1_057963 gene=LIMD1 (2 OF 2) annotation=LIM domains containing 1,0.9984340395150372,SSPAVCVTRPPQVCQTALGDGNEGKLDMTDPSYTPSLYFRLCTRCGEAVNAAGGACQAMGHVFHRACFTCSMCSESLDCEHFCKEVQLSI,Nfu_p_1_057963,geneid=Nfu_g_1_024966,transcriptid=Nfu_t_1_057963,proteinid=Nfu_p_1_057963,limd1,LIM domains containing 1,17021.0,13320.0,31166.0,782.0
3,3,14553,Nfu_p_1_005807 geneid=Nfu_g_1_002306 transcriptid=Nfu_t_1_005807 proteinid=Nfu_p_1_005807 gene=INSL5A annotation=insulin-like 5a,0.998220718211984,MRALVVLPLVLCVVVCVHQARAEGKAVKLCGREFLRAVVYTCGGSRWRRFFSDPEMDGQPAGEQNSLESSPGYEQSKRDINNAVTSMCCQVGCRKNDLSYLC,Nfu_p_1_005807,geneid=Nfu_g_1_002306,transcriptid=Nfu_t_1_005807,proteinid=Nfu_p_1_005807,insl5a,insulin-like 5a,21190.0,8474.0,7943.0,17041.0
4,4,47708,Nfu_p_1_009293 geneid=Nfu_g_1_003787 transcriptid=Nfu_t_1_009293 proteinid=Nfu_p_1_009293 gene=Nfu_g_1_003787,0.9974445289427052,VLLLCGFSCDCLMLVYRLIFYHRAHRQKVFLLCGFSCECLILLSLQIFDHRAHRQK,Nfu_p_1_009293,geneid=Nfu_g_1_003787,transcriptid=Nfu_t_1_009293,proteinid=Nfu_p_1_009293,nfu_g_1_003787,,,,,
5,5,27607,Nfu_p_1_023402 geneid=Nfu_g_1_009600 transcriptid=Nfu_t_1_023402 proteinid=Nfu_p_1_023402 gene=Nfu_g_1_009600,0.9966045951819829,MSQQVVQLQPKIWAEGSGQWSTGLCECYKDLGDCCFAFCCFPVFTCKVTSAAGACPCLPLLDCISCVPPASLAMRASVRERYGIQVQPRLFLHELNASQ,Nfu_p_1_023402,geneid=Nfu_g_1_009600,transcriptid=Nfu_t_1_023402,proteinid=Nfu_p_1_023402,nfu_g_1_009600,,,,,
6,6,24649,Nfu_p_1_023404 geneid=Nfu_g_1_009600 transcriptid=Nfu_t_1_023404 proteinid=Nfu_p_1_023404 gene=Nfu_g_1_009600,0.9966045951819829,MSQQVVQLQPKIWAEGSGQWSTGLCECYKDLGDCCFAFCCFPVFTCKVTSAAGACPCLPLLDCISCVPPASLAMRASVRERYGIQVQPRLFLHELNASQ,Nfu_p_1_023404,geneid=Nfu_g_1_009600,transcriptid=Nfu_t_1_023404,proteinid=Nfu_p_1_023404,nfu_g_1_009600,,,,,
7,7,2553,Nfu_p_1_004011 geneid=Nfu_g_1_001613 transcriptid=Nfu_t_1_004011 proteinid=Nfu_p_1_004011 gene=OARD1 annotation=O-acyl-ADP-ribose deacylase 1,0.9965803059715016,MTLCYITGDLFSCPPDESLAHCISEDCRMGAGIAVLFRKRFGGVSELKEQKKQPGQCAVLKQGHRFLYYLITKKRASQRPTYNCLRQSLQDMKSHCVKNNVTRISMPR,Nfu_p_1_004011,geneid=Nfu_g_1_001613,transcriptid=Nfu_t_1_004011,proteinid=Nfu_p_1_004011,oard1,O-acyl-ADP-ribose deacylase 1,,,,
8,8,47595,Nfu_p_1_040625 geneid=Nfu_g_1_017011 transcriptid=Nfu_t_1_040625 proteinid=Nfu_p_1_040625 gene=Nfu_g_1_017011,0.9951432954355668,MERSTEVNIPLTTTPGSADQSDADHQENHTKRGFCAAFRYNEFHRRLAICSIICGFSCIGFKALIYSVEVFHLSFIFRLRSEDETVCC,Nfu_p_1_040625,geneid=Nfu_g_1_017011,transcriptid=Nfu_t_1_040625,proteinid=Nfu_p_1_040625,nfu_g_1_017011,,,,,
9,9,3958,Nfu_p_1_023507 geneid=Nfu_g_1_009650 transcriptid=Nfu_t_1_023507 proteinid=Nfu_p_1_023507 gene=Nfu_g_1_009650,0.9948650178699844,MNPSVQCLVILITCVVICNSATLKTCQCVKTRTGVNLSLISEVREYEPHPYCSKHEVIVILKDKSSRCLDPESNFTKAILRTVQAAHGQSQPPSEGFEFFA,Nfu_p_1_023507,geneid=Nfu_g_1_009650,transcriptid=Nfu_t_1_023507,proteinid=Nfu_p_1_023507,nfu_g_1_009650,,,,,
10,10,9874,Nfu_p_1_023508 geneid=Nfu_g_1_009650 transcriptid=Nfu_t_1_023508 proteinid=Nfu_p_1_023508 gene=Nfu_g_1_009650,0.9945981032447658,MNPSVQCLVILITCVVICNSATLKTCQCVKTRTGVNLSLISEVREYEPHPYCSKHEVIVILKDKSSRCLDPESNFTKAILRTV,Nfu_p_1_023508,geneid=Nfu_g_1_009650,transcriptid=Nfu_t_1_023508,proteinid=Nfu_p_1_023508,nfu_g_1_009650,,,,,
11,11,57477,"Nfu_p_1_003116 geneid=Nfu_g_1_001269 transcriptid=Nfu_t_1_003116 proteinid=Nfu_p_1_003116 gene=MSMP annotation=microseminoprotein, prostate associated",0.9943600738619192,DHPCVFSVSLEMTNSAAVILASFLLLRASLPCFSVSGECFFNTKGKVFRPKCSLCDLLMLTHFKQHQTAISCVHQ,Nfu_p_1_003116,geneid=Nfu_g_1_001269,transcriptid=Nfu_t_1_003116,proteinid=Nfu_p_1_003116,msmp,"microseminoprotein, prostate associated",25325.0,19237.0,2622.0,4210.0
12,12,5981,Nfu_p_1_030582 geneid=Nfu_g_1_012658 transcriptid=Nfu_t_1_030582 proteinid=Nfu_p_1_030582 gene=SI:CH1073-443F11.2 annotation=si:ch1073-443f11.2,0.9930470808403428,MDSKSTQQELQQQFNDVVSRLESKQFFQSDWDTAFFILFFIFFGTVLLLVLLVLIRCCCCCCCDGEKPHKKVGIENMGLEP,Nfu_p_1_030578,geneid=Nfu_g_1_012658,transcriptid=Nfu_t_1_030578,proteinid=Nfu_p_1_030578,si:ch1073-443f11.2,si:ch1073-443f11.2,,,,
13,13,3023,Nfu_p_1_030580 geneid=Nfu_g_1_012658 transcriptid=Nfu_t_1_030580 proteinid=Nfu_p_1_030580 gene=SI:CH1073-443F11.2 annotation=si:ch1073-443f11.2,0.9930470808403428,MDSKSTQQELQQQFNDVVSRLESKQFFQSDWDTAFFILFFIFFGTVLLLVLLVLIRCCCCCCCDGEKPHKKVGIENMGLEP,Nfu_p_1_030577,geneid=Nfu_g_1_012658,transcriptid=Nfu_t_1_030577,proteinid=Nfu_p_1_030577,si:ch1073-443f11.2,si:ch1073-443f11.2,,,,
14,14,56261,Nfu_p_1_030576 geneid=Nfu_g_1_012658 transcriptid=Nfu_t_1_030576 proteinid=Nfu_p_1_030576 gene=SI:CH1073-443F11.2 annotation=si:ch1073-443f11.2,0.9930470808403428,MDSKSTQQELQQQFNDVVSRLESKQFFQSDWDTAFFILFFIFFGTVLLLVLLVLIRCCCCCCCDGEKPHKKVGIENMGLEP,Nfu_p_1_030581,geneid=Nfu_g_1_012658,transcriptid=Nfu_t_1_030581,proteinid=Nfu_p_1_030581,si:ch1073-443f11.2,si:ch1073-443f11.2,,,,
15,15,11897,Nfu_p_1_030575 geneid=Nfu_g_1_012658 transcriptid=Nfu_t_1_030575 proteinid=Nfu_p_1_030575 gene=SI:CH1073-443F11.2 annotation=si:ch1073-443f11.2,0.9930470808403428,MDSKSTQQELQQQFNDVVSRLESKQFFQSDWDTAFFILFFIFFGTVLLLVLLVLIRCCCCCCCDGEKPHKKVGIENMGLEP,Nfu_p_1_030579,geneid=Nfu_g_1_012658,transcriptid=Nfu_t_1_030579,proteinid=Nfu_p_1_030579,si:ch1073-443f11.2,si:ch1073-443f11.2,,,,
16,16,8939,Nfu_p_1_030574 geneid=Nfu_g_1_012658 transcriptid=Nfu_t_1_030574 proteinid=Nfu_p_1_030574 gene=SI:CH1073-443F11.2 annotation=si:ch1073-443f11.2,0.9930470808403428,MDSKSTQQELQQQFNDVVSRLESKQFFQSDWDTAFFILFFIFFGTVLLLVLLVLIRCCCCCCCDGEKPHKKVGIENMGLEP,Nfu_p_1_030574,geneid=Nfu_g_1_012658,transcriptid=Nfu_t_1_030574,proteinid=Nfu_p_1_030574,si:ch1073-443f11.2,si:ch1073-443f11.2,,,,
17,17,17813,Nfu_p_1_030579 geneid=Nfu_g_1_012658 transcriptid=Nfu_t_1_030579 proteinid=Nfu_p_1_030579 gene=SI:CH1073-443F11.2 annotation=si:ch1073-443f11.2,0.9930470808403428,MDSKSTQQELQQQFNDVVSRLESKQFFQSDWDTAFFILFFIFFGTVLLLVLLVLIRCCCCCCCDGEKPHKKVGIENMGLEP,Nfu_p_1_030575,geneid=Nfu_g_1_012658,transcriptid=Nfu_t_1_030575,proteinid=Nfu_p_1_030575,si:ch1073-443f11.2,si:ch1073-443f11.2,,,,
18,18,20771,Nfu_p_1_030581 geneid=Nfu_g_1_012658 transcriptid=Nfu_t_1_030581 proteinid=Nfu_p_1_030581 gene=SI:CH1073-443F11.2 annotation=si:ch1073-443f11.2,0.9930470808403428,MDSKSTQQELQQQFNDVVSRLESKQFFQSDWDTAFFILFFIFFGTVLLLVLLVLIRCCCCCCCDGEKPHKKVGIENMGLEP,Nfu_p_1_030576,geneid=Nfu_g_1_012658,transcriptid=Nfu_t_1_030576,proteinid=Nfu_p_1_030576,si:ch1073-443f11.2,si:ch1073-443f11.2,,,,
19,19,65,Nfu_p_1_030577 geneid=Nfu_g_1_012658 transcriptid=Nfu_t_1_030577 proteinid=Nfu_p_1_030577 gene=SI:CH1073-443F11.2 annotation=si:ch1073-443f11.2,0.9930470808403428,MDSKSTQQELQQQFNDVVSRLESKQFFQSDWDTAFFILFFIFFGTVLLLVLLVLIRCCCCCCCDGEKPHKKVGIENMGLEP,Nfu_p_1_030580,geneid=Nfu_g_1_012658,transcriptid=Nfu_t_1_030580,proteinid=Nfu_p_1_030580,si:ch1073-443f11.2,si:ch1073-443f11.2,,,,
20,20,14855,Nfu_p_1_030578 geneid=Nfu_g_1_012658 transcriptid=Nfu_t_1_030578 proteinid=Nfu_p_1_030578 gene=SI:CH1073-443F11.2 annotation=si:ch1073-443f11.2,0.9930470808403428,MDSKSTQQELQQQFNDVVSRLESKQFFQSDWDTAFFILFFIFFGTVLLLVLLVLIRCCCCCCCDGEKPHKKVGIENMGLEP,Nfu_p_1_030582,geneid=Nfu_g_1_012658,transcriptid=Nfu_t_1_030582,proteinid=Nfu_p_1_030582,si:ch1073-443f11.2,si:ch1073-443f11.2,,,,
21,21,6916,Nfu_p_1_023509 geneid=Nfu_g_1_009650 transcriptid=Nfu_t_1_023509 proteinid=Nfu_p_1_023509 gene=Nfu_g_1_009650,0.991990035927066,MNPSVQCLVILITCVVICNSATLKTCQCVKTRTGVNLSLISEVRDVILKDKSSRCLDPESNFTKAILRTVQAAHGQSQPPSEGFEFFA,Nfu_p_1_023509,geneid=Nfu_g_1_009650,transcriptid=Nfu_t_1_023509,proteinid=Nfu_p_1_023509,nfu_g_1_009650,,,,,
22,22,14122,Nfu_p_1_057539 geneid=Nfu_g_1_024562 transcriptid=Nfu_t_1_057539 proteinid=Nfu_p_1_057539 gene=Nfu_g_1_024562,0.991498300937726,IQSSCDVPQNARIPCGVADISATDCEARDCCFDGQRCYFGKGVTVQCTKDGQFIVVVAKDVTLPHIDLESIGLLGHGQSCKAAHTNSIFAVYFFPVTACG,Nfu_p_1_057539,geneid=Nfu_g_1_024562,transcriptid=Nfu_t_1_057539,proteinid=Nfu_p_1_057539,nfu_g_1_024562,,,,,
23,23,55792,Nfu_p_1_004009 geneid=Nfu_g_1_001613 transcriptid=Nfu_t_1_004009 proteinid=Nfu_p_1_004009 gene=OARD1 annotation=O-acyl-ADP-ribose deacylase 1,0.9904498135246964,MTLCYITGDLFSCPPDESLAHCISEDCRMGAGIAVLFRKRFGGVSELKEQKKQPGQCAVLKQGHRFLYYLITKKRASQRPTYNCLRQSLQDMKSHCVKNNVTRISMPRSIQ,Nfu_p_1_004009,geneid=Nfu_g_1_001613,transcriptid=Nfu_t_1_004009,proteinid=Nfu_p_1_004009,oard1,O-acyl-ADP-ribose deacylase 1,,,,
24,24,58969,Nfu_p_1_038492 geneid=Nfu_g_1_016030 transcriptid=Nfu_t_1_038492 proteinid=Nfu_p_1_038492 gene=Nfu_g_1_016030,0.9880871054789871,MSRRLPNKVFFLLGCKKLPTRKYKEQREKKKVYGTAVGKVGMPWFSRSRYQPSCTPIIPPLPLILQGNINTLKAASLFYELCLQTPGVLCWHLECAKDS,Nfu_p_1_038492,geneid=Nfu_g_1_016030,transcriptid=Nfu_t_1_038492,proteinid=Nfu_p_1_038492,nfu_g_1_016030,,,,,
25,25,2773,Nfu_p_1_038493 geneid=Nfu_g_1_016030 transcriptid=Nfu_t_1_038493 proteinid=Nfu_p_1_038493 gene=Nfu_g_1_016030,0.9880871054789871,MSRRLPNKVFFLLGCKKLPTRKYKEQREKKKVYGTAVGKVGMPWFSRSRYQPSCTPIIPPLPLILQGNINTLKAASLFYELCLQTPGVLCWHLECAKDS,Nfu_p_1_038493,geneid=Nfu_g_1_016030,transcriptid=Nfu_t_1_038493,proteinid=Nfu_p_1_038493,nfu_g_1_016030,,,,,
26,26,56012,Nfu_p_1_038491 geneid=Nfu_g_1_016030 transcriptid=Nfu_t_1_038491 proteinid=Nfu_p_1_038491 gene=Nfu_g_1_016030,0.9880871054789871,MSRRLPNKVFFLLGCKKLPTRKYKEQREKKKVYGTAVGKVGMPWFSRSRYQPSCTPIIPPLPLILQGNINTLKAASLFYELCLQTPGVLCWHLECAKDS,Nfu_p_1_038491,geneid=Nfu_g_1_016030,transcriptid=Nfu_t_1_038491,proteinid=Nfu_p_1_038491,nfu_g_1_016030,,,,,
27,27,37508,Nfu_p_1_012882 geneid=Nfu_g_1_005299 transcriptid=Nfu_t_1_012882 proteinid=Nfu_p_1_012882 gene=SI:CH211-117M20.4 annotation=si:ch211-117m20.4,0.9875874475574762,MLLSVFLMLFWSFQRGRSQPSEWNTEQEVSDAPAVEAEWILQPDLKGDSYWSGTAPLCLGGCKALHQEVKRDRCGNSSCCWLGYKSLCRVNCGRPDVDYNGVAYGNDWWVGSVVRYTCRSGFRLIGDSIRSCQTNGLWTPKPTCLSE,Nfu_p_1_012882,geneid=Nfu_g_1_005299,transcriptid=Nfu_t_1_012882,proteinid=Nfu_p_1_012882,si:ch211-117m20.4,si:ch211-117m20.4,12488.0,29361.0,13271.0,24660.0
28,28,27034,Nfu_p_1_008421 geneid=Nfu_g_1_003381 transcriptid=Nfu_t_1_008421 proteinid=Nfu_p_1_008421 gene=Nfu_g_1_003381,0.987154471179871,AHLLCGLSCVCLNLPFGYICIHRAHRQKASLLCGLSCDRLNLPLGYICIHRAH,Nfu_p_1_008421,geneid=Nfu_g_1_003381,transcriptid=Nfu_t_1_008421,proteinid=Nfu_p_1_008421,nfu_g_1_003381,,,,,
29,29,51605,Nfu_p_1_000618 geneid=Nfu_g_1_000275 transcriptid=Nfu_t_1_000618 proteinid=Nfu_p_1_000618 gene=Nfu_g_1_000275,0.9870637685854088,MSGRGKTGGKARAKAKTRSSRAGLQFPVGRVHRLLRKGNYAERVGAGAPVYLAAVLEYLTAEILELAGNAARDNKKTRIIPRHLQLAVRNDEELNKLLGGVTIAQGGVLPNIQAVLLPKKTEKPAKAK,Nfu_p_1_000618,geneid=Nfu_g_1_000275,transcriptid=Nfu_t_1_000618,proteinid=Nfu_p_1_000618,nfu_g_1_000275,,,,,
30,30,43693,Nfu_p_1_019740 geneid=Nfu_g_1_008194 transcriptid=Nfu_t_1_019740 proteinid=Nfu_p_1_019740 gene=Nfu_g_1_008194,0.9864222787805256,MKSYMLISISLWKKARAAQGFSKNGVPRSLDLVVPCKCRWSLDFSACQDGSQGARCQQLRGLDFEVCRKLHAGGRSAVC,Nfu_p_1_019740,geneid=Nfu_g_1_008194,transcriptid=Nfu_t_1_019740,proteinid=Nfu_p_1_019740,nfu_g_1_008194,,,,,
31,31,15420,Nfu_p_1_017543 geneid=Nfu_g_1_007241 transcriptid=Nfu_t_1_017543 proteinid=Nfu_p_1_017543 gene=OLA.7797 annotation=Histone H2A,0.9862314190581984,MSGRGKTGGKARAKAKTRSSRAGLQFPVGRVHRLLRKGNYAQRVGAGAPVYLAAVLEYLTAEILELAGNAARDNKKTRIIPRHLQLAVRNDEELNKLLGGVTIAQGGVLPNIQAVLLPKKTEKPAKTK,Nfu_p_1_017543,geneid=Nfu_g_1_007241,transcriptid=Nfu_t_1_017543,proteinid=Nfu_p_1_017543,ola.7797,Histone H2A,,,,
32,32,12465,Nfu_p_1_017517 geneid=Nfu_g_1_007231 transcriptid=Nfu_t_1_017517 proteinid=Nfu_p_1_017517 gene=OLA.7797 annotation=Histone H2A,0.9862314190581984,MSGRGKTGGKARAKAKTRSSRAGLQFPVGRVHRLLRKGNYAQRVGAGAPVYLAAVLEYLTAEILELAGNAARDNKKTRIIPRHLQLAVRNDEELNKLLGGVTIAQGGVLPNIQAVLLPKKTEKPAKTK,Nfu_p_1_017517,geneid=Nfu_g_1_007231,transcriptid=Nfu_t_1_017517,proteinid=Nfu_p_1_017517,ola.7797,Histone H2A,,,,
33,33,36071,"Nfu_p_1_028288 geneid=Nfu_g_1_011706 transcriptid=Nfu_t_1_028288 proteinid=Nfu_p_1_028288 gene=FAM19A5 annotation=family with sequence similarity 19 (chemokine (C-C motif)-like), member A5",0.983506674747475,MQLLRVAWALTGAAICCFLLLLIYSRLLKEGQLAAGTCEIVTLDRDSSQPRRTIARQTARCACKKGQIAGTTRARPACVDAGIVRKKQWCEMVPCLEDEGCDLLVNKSGWTCTQPGGRVKTTTAL,Nfu_p_1_028288,geneid=Nfu_g_1_011706,transcriptid=Nfu_t_1_028288,proteinid=Nfu_p_1_028288,fam19a5,"family with sequence similarity 19 (chemokine (C-C motif)-like), member A5",,,,
34,34,32378,Nfu_p_1_057861 geneid=Nfu_g_1_024870 transcriptid=Nfu_t_1_057861 proteinid=Nfu_p_1_057861 gene=TXNRD2 annotation=thioredoxin reductase 2,0.9833357852689804,SFYNNNMAALCLYRHRWKRIRYLYNFTRNLTGKYDYDLVVIGGGSGGLACSKEAAQLGQKVAVLDYVEPSAKGTKWGLGGTCVNVGCIPKKLMHQAALLGTAVKDAKMYGWQLPETVRHDWTTLAEAVQNHVRSLNWGHRVQLQDK,Nfu_p_1_057861,geneid=Nfu_g_1_024870,transcriptid=Nfu_t_1_057861,proteinid=Nfu_p_1_057861,txnrd2,thioredoxin reductase 2,,,,
35,35,9768,Nfu_p_1_007045 geneid=Nfu_g_1_002790 transcriptid=Nfu_t_1_007045 proteinid=Nfu_p_1_007045 gene=Nfu_g_1_002790,0.9829849237866776,HLFFAVSCCSCVQGVFSRVGEKRETMNNKSNSYNCGRCTRQNAPNIRSQSLFIEGKIVCVCVGSQECVCVCVCALDAASVAPEHSFPWWIHEVARMTSML,Nfu_p_1_007045,geneid=Nfu_g_1_002790,transcriptid=Nfu_t_1_007045,proteinid=Nfu_p_1_007045,nfu_g_1_002790,,,,,
36,36,15201,Nfu_p_1_030607 geneid=Nfu_g_1_012668 transcriptid=Nfu_t_1_030607 proteinid=Nfu_p_1_030607 gene=OLA.7797 annotation=Histone H2A,0.9818991678749426,MSGRGKTGGKARAKAKTRSSRAGLQFPVGRVHRLLRKGNYAERVGAGAPVYLAAVLEYLTAEILELAGNAARDNKKTRIIPRHLQLAVRNDEELNKLLGGVTIAQGGVLPNIQAVLLPKKTEKPAKTK,Nfu_p_1_030607,geneid=Nfu_g_1_012668,transcriptid=Nfu_t_1_030607,proteinid=Nfu_p_1_030607,ola.7797,Histone H2A,,,,
37,37,33112,Nfu_p_1_028757 geneid=Nfu_g_1_011889 transcriptid=Nfu_t_1_028757 proteinid=Nfu_p_1_028757 gene=OLA.7797 annotation=Histone H2A,0.9818991678749426,MSGRGKTGGKARAKAKTRSSRAGLQFPVGRVHRLLRKGNYAERVGAGAPVYLAAVLEYLTAEILELAGNAARDNKKTRIIPRHLQLAVRNDEELNKLLGGVTIAQGGVLPNIQAVLLPKKTEKPAKTK,Nfu_p_1_028757,geneid=Nfu_g_1_011889,transcriptid=Nfu_t_1_028757,proteinid=Nfu_p_1_028757,ola.7797,Histone H2A,,,,
38,38,21509,"Nfu_p_1_043540 geneid=Nfu_g_1_018203 transcriptid=Nfu_t_1_043540 proteinid=Nfu_p_1_043540 gene=DNAL4 annotation=dynein, axonemal, light chain 4",0.9810656166457248,MPEEMRVETMELCVTACERFATNNESAAKMIKESMDKKFGSSWHVVIGEGFGFEVTHEVKNLLYMFFGGSLAVCVWKCS,Nfu_p_1_043540,geneid=Nfu_g_1_018203,transcriptid=Nfu_t_1_043540,proteinid=Nfu_p_1_043540,dnal4,"dynein, axonemal, light chain 4",,,,
39,39,38368,Nfu_p_1_021677 geneid=Nfu_g_1_008946 transcriptid=Nfu_t_1_021677 proteinid=Nfu_p_1_021677 gene=RNF122 annotation=ring finger protein 122,0.9805424564521268,MHPFQWCNGCFCGLGLVYSNKSCAMPPITFQDLPLNIYMVIFGTGIFVFILSLIFCCYFISKLRHQAQSERFGYREVVLKGDPKKSSLHGQTCAVCLEDFKVKDELGVLPCQHAFHRK,Nfu_p_1_021677,geneid=Nfu_g_1_008946,transcriptid=Nfu_t_1_021677,proteinid=Nfu_p_1_021677,rnf122,ring finger protein 122,,,,
40,40,30081,Nfu_p_1_011378 geneid=Nfu_g_1_004673 transcriptid=Nfu_t_1_011378 proteinid=Nfu_p_1_011378 gene=CR854948.1 annotation=Uncharacterized protein,0.9804284759435812,MTKPKLFNCLSCGGSNRVGQRTCGHCLATLQTPRIRQQQSRIQACGWASKVKKNRNAGRILGSAELSVLKLQELGMCPVLFVGKQGRNGQLTADLLQHFPDLDSVGQDI,Nfu_p_1_011378,geneid=Nfu_g_1_004673,transcriptid=Nfu_t_1_011378,proteinid=Nfu_p_1_011378,cr854948.1,Uncharacterized protein,,,,
41,41,7704,Nfu_p_1_048916 geneid=Nfu_g_1_020432 transcriptid=Nfu_t_1_048916 proteinid=Nfu_p_1_048916 gene=Nfu_g_1_020432 annotation=Zisupton,0.9782617028474392,MVVCSSFKKLPCERSRDELQRERKRRRVEGIAAERADCGTVQSFIVCQSQCVEDCTYAKTTEEDPEIQIQRTLPILQTPCLVLGGDPGGDPNRRRCSLPVIGTDLQTLQNHCFRSCF,Nfu_p_1_048916,geneid=Nfu_g_1_020432,transcriptid=Nfu_t_1_048916,proteinid=Nfu_p_1_048916,nfu_g_1_020432,Zisupton,,,,
42,42,24164,Nfu_p_1_010698 geneid=Nfu_g_1_004383 transcriptid=Nfu_t_1_010698 proteinid=Nfu_p_1_010698 gene=Nfu_g_1_004383 annotation=Uncharacterized protein,0.9781057985525636,MKFLILLAILSGVFSAPFVKEEAAKRFIRLKRQAGYWDPHSPQNQWGFTLQEQANEQWTALRSGAQYYMDMGNLMFDRSVAE,Nfu_p_1_010698,geneid=Nfu_g_1_004383,transcriptid=Nfu_t_1_010698,proteinid=Nfu_p_1_010698,nfu_g_1_004383,Uncharacterized protein,,,,
43,43,7664,Nfu_p_1_048274 geneid=Nfu_g_1_020220 transcriptid=Nfu_t_1_048274 proteinid=Nfu_p_1_048274 gene=Nfu_g_1_020220,0.975594286273092,MKPVIQDAERFHTMCGGFPSPVWAGLCCNCRRGGLQTGDQRWRNLCLLGIRLFQK,Nfu_p_1_048274,geneid=Nfu_g_1_020220,transcriptid=Nfu_t_1_048274,proteinid=Nfu_p_1_048274,nfu_g_1_020220,,,,,
44,44,19458,Nfu_p_1_031611 geneid=Nfu_g_1_013095 transcriptid=Nfu_t_1_031611 proteinid=Nfu_p_1_031611 gene=Nfu_g_1_013095 annotation=Uncharacterized protein,0.9736948171957104,MKVLVLALIVALLFAAGEALSCHRCVPNRAGDECEITVETCKPGKDACAAASFLTPPYGHYQKCMAMSDCKLLRLNAYIKIKCCAEDQCNTLDDAQNTAN,Nfu_p_1_031611,geneid=Nfu_g_1_013095,transcriptid=Nfu_t_1_031611,proteinid=Nfu_p_1_031611,nfu_g_1_013095,Uncharacterized protein,,,,
45,45,33078,Nfu_p_1_010627 geneid=Nfu_g_1_004353 transcriptid=Nfu_t_1_010627 proteinid=Nfu_p_1_010627 gene=Nfu_g_1_004353,0.9733910578721428,MNKVKDVLKACRQACSKEENNITDGNNFLSQSGGPQELSAGPIIGRLQVRTPLSLSLLLCPWARHLTYHTCWWWSEGPVEPVHGRFASVSVFQGSCGYSEAHHHQCVNGRLTDYVVKCLGGFQDTRKCSIKYRYFTI,Nfu_p_1_010628,geneid=Nfu_g_1_004353,transcriptid=Nfu_t_1_010628,proteinid=Nfu_p_1_010628,nfu_g_1_004353,,,,,
46,46,36036,Nfu_p_1_010628 geneid=Nfu_g_1_004353 transcriptid=Nfu_t_1_010628 proteinid=Nfu_p_1_010628 gene=Nfu_g_1_004353,0.9733910578721428,MNKVKDVLKACRQACSKEENNITDGNNFLSQSGGPQELSAGPIIGRLQVRTPLSLSLLLCPWARHLTYHTCWWWSEGPVEPVHGRFASVSVFQGSCGYSEAHHHQCVNGRLTDYVVKCLGGFQDTRKCSIKYRYFTI,Nfu_p_1_010627,geneid=Nfu_g_1_004353,transcriptid=Nfu_t_1_010627,proteinid=Nfu_p_1_010627,nfu_g_1_004353,,,,,
47,47,23557,Nfu_p_1_022185 geneid=Nfu_g_1_009123 transcriptid=Nfu_t_1_022185 proteinid=Nfu_p_1_022185 gene=Nfu_g_1_009123,0.973049346548148,MCCYASASGMRIFSLFTQTLSLSVKEDQQPCHNNSQQNIKLCLLVFLLLPQHNVRGLTGGVQTCTERFIYLFFCFDRPVKKFCETERERSENSKRRDYANVKVQI,Nfu_p_1_022185,geneid=Nfu_g_1_009123,transcriptid=Nfu_t_1_022185,proteinid=Nfu_p_1_022185,nfu_g_1_009123,,,,,
48,48,57489,Nfu_p_1_039454 geneid=Nfu_g_1_016460 transcriptid=Nfu_t_1_039454 proteinid=Nfu_p_1_039454 gene=CR847511.1 annotation=Uncharacterized protein,0.972224445298608,YHSSIHTLEVVKKQFGGKVPGVDEIHLEFLKALVCAGLCELMRLCNIAWAMGAVPLNWQTRVGILEERAALLCKKHLRQKCNRLQTLHKCPLVPAAAISSACHLSLNR,Nfu_p_1_039454,geneid=Nfu_g_1_016460,transcriptid=Nfu_t_1_039454,proteinid=Nfu_p_1_039454,cr847511.1,Uncharacterized protein,,,,
49,49,31592,Nfu_p_1_012879 geneid=Nfu_g_1_005299 transcriptid=Nfu_t_1_012879 proteinid=Nfu_p_1_012879 gene=SI:CH211-117M20.4 annotation=si:ch211-117m20.4,0.9718624952122548,MLLSVFLMLFWSFQRGRSQPSEWNTEQEVSVEAEWILQPDLKGDSYWSGTAPLCLGGCKALHQEVKRDRCGNSSCCWLGYKSLCRVNCGRPDVDYNGVAYGNDWWVGSVVRYTCRSGFRLIGDSIRSCQTNGLWTPKPTCLSE,Nfu_p_1_012879,geneid=Nfu_g_1_005299,transcriptid=Nfu_t_1_012879,proteinid=Nfu_p_1_012879,si:ch211-117m20.4,si:ch211-117m20.4,12488.0,29361.0,13271.0,24660.0
50,50,46734,Nfu_p_1_013909 geneid=Nfu_g_1_005726 transcriptid=Nfu_t_1_013909 proteinid=Nfu_p_1_013909 gene=COX17 annotation=COX17 cytochrome c oxidase assembly homolog,0.969424737372988,MSSLCAASVETPAVTGAAEQPKRLKACCACPETKKVRDACIIEKGEENCRDLIEAHKECMRALGFKI,Nfu_p_1_013909,geneid=Nfu_g_1_005726,transcriptid=Nfu_t_1_013909,proteinid=Nfu_p_1_013909,cox17,COX17 cytochrome c oxidase assembly homolog,,,,
51,51,43777,Nfu_p_1_013908 geneid=Nfu_g_1_005726 transcriptid=Nfu_t_1_013908 proteinid=Nfu_p_1_013908 gene=COX17 annotation=COX17 cytochrome c oxidase assembly homolog,0.969424737372988,MSSLCAASVETPAVTGAAEQPKRLKACCACPETKKVRDACIIEKGEENCRDLIEAHKECMRALGFKI,Nfu_p_1_013908,geneid=Nfu_g_1_005726,transcriptid=Nfu_t_1_013908,proteinid=Nfu_p_1_013908,cox17,COX17 cytochrome c oxidase assembly homolog,,,,
52,52,37481,Nfu_p_1_040685 geneid=Nfu_g_1_017037 transcriptid=Nfu_t_1_040685 proteinid=Nfu_p_1_040685 gene=CCL-C5A annotation=chemokine CCL-C5a,0.9684517203397776,MALWSEPKIFLCSFIFITFCCSLSVSQMPIDCCLSTKNKRIDKKLVADYREQAKGCSLPAMILVTRRGRELCTPPNEPWLQEVMKHVDRLKKLCKKKNYQHTRCFGVKPE,Nfu_p_1_040685,geneid=Nfu_g_1_017037,transcriptid=Nfu_t_1_040685,proteinid=Nfu_p_1_040685,ccl-c5a,chemokine CCL-C5a,,,,
53,53,17296,Nfu_p_1_056937 geneid=Nfu_g_1_023971 transcriptid=Nfu_t_1_056937 proteinid=Nfu_p_1_056937 gene=PROK1 annotation=prokineticin 1,0.968327941885291,MDFSVVLLSFLLVSLSWSRGAVITGACERDVQCGFGLCCAVSLWLRGLRMCIPRGVEGDECHPFSHKVPYAGKRLHHTCPCLPHLVCTRFADNKYRCTEDFKNIDF,Nfu_p_1_056937,geneid=Nfu_g_1_023971,transcriptid=Nfu_t_1_056937,proteinid=Nfu_p_1_056937,prok1,prokineticin 1,,,,
54,54,16264,Nfu_p_1_009634 geneid=Nfu_g_1_003914 transcriptid=Nfu_t_1_009634 proteinid=Nfu_p_1_009634 gene=Nfu_g_1_003914,0.967934607880258,MAHISQQCRADVTAAQSCWAFCLTDLVWFKSVICVVSGLLAHARPSLVVVSPDCCCLQDMKPRSCSRPSKHAVIVFLHSAAQFDP,Nfu_p_1_009634,geneid=Nfu_g_1_003914,transcriptid=Nfu_t_1_009634,proteinid=Nfu_p_1_009634,nfu_g_1_003914,,,,,
55,55,10537,Nfu_p_1_031083 geneid=Nfu_g_1_012881 transcriptid=Nfu_t_1_031083 proteinid=Nfu_p_1_031083 gene=Nfu_g_1_012881,0.966868561272836,MSRFSQRVNSHTQKIRFTQKKSKLSIKACSVNAALDITPGLTFCTTYYCLILPKRGQCQMKQHKLMSRFLWSCAGSHLVNIHDTALERSAAVTCKCEKR,Nfu_p_1_031083,geneid=Nfu_g_1_012881,transcriptid=Nfu_t_1_031083,proteinid=Nfu_p_1_031083,nfu_g_1_012881,,,,,
56,56,16707,Nfu_p_1_049996 geneid=Nfu_g_1_020895 transcriptid=Nfu_t_1_049996 proteinid=Nfu_p_1_049996 gene=CR558302.1 annotation=Uncharacterized protein,0.9665726707433014,MVCADHQAGGKDACKGDSGGPLVCKGQVYGVVSWGNGCGDAKFPGVYTAVSPPLGGSDHVRLLSTLLQTQKNLKTNFTQKSFFICYF,Nfu_p_1_049996,geneid=Nfu_g_1_020895,transcriptid=Nfu_t_1_049996,proteinid=Nfu_p_1_049996,cr558302.1,Uncharacterized protein,,,,
57,57,29733,Nfu_p_1_058449 geneid=Nfu_g_1_025441 transcriptid=Nfu_t_1_058449 proteinid=Nfu_p_1_058449 gene=CAPTEDRAFT_210007 annotation=Uncharacterized protein,0.9658838642685807,MQVISYNCRGLHVGNTAADRARRLVVDSLLEKCDILCLQETFLSRQDLGQLNSVNDHLHGAGESTVDLTSGIVKGRIAGGVAILWHKRFSIKCCQNWSCSFKSRE,Nfu_p_1_058449,geneid=Nfu_g_1_025441,transcriptid=Nfu_t_1_058449,proteinid=Nfu_p_1_058449,captedraft_210007,Uncharacterized protein,,,,
58,58,25298,"Nfu_p_1_056576 geneid=Nfu_g_1_023612 transcriptid=Nfu_t_1_056576 proteinid=Nfu_p_1_056576 gene=POLA1 annotation=polymerase (DNA directed), alpha 1",0.9652671051891758,GWLVCEDQACQNRTRRLPIAFSRYGPICPACKRATLRPEYSEKALYNQICFYRFIFDWEHAVTKVLSPDERSKLVIVMSYVSWCYIFAASVKQSPLIFTSYCFYSCYSA,Nfu_p_1_056576,geneid=Nfu_g_1_023612,transcriptid=Nfu_t_1_056576,proteinid=Nfu_p_1_056576,pola1,"polymerase (DNA directed), alpha 1",20584.0,7647.0,18227.0,4817.0
59,59,25431,Nfu_p_1_048128 geneid=Nfu_g_1_020158 transcriptid=Nfu_t_1_048128 proteinid=Nfu_p_1_048128 gene=Nfu_g_1_020158,0.9650503004869352,MTPSQFCMKRKTKFLLTCAFPPSSDAHTFFSEETLNMEPKCLSLCVCVMGGVIQGQREGGARCWWKRGRGFLFFISSLRSSFPSSDVLFYPPPPLTVSKQQKKPSVLLFPLINLNRDNKC,Nfu_p_1_048128,geneid=Nfu_g_1_020158,transcriptid=Nfu_t_1_048128,proteinid=Nfu_p_1_048128,nfu_g_1_020158,,,,,
60,60,38754,Nfu_p_1_047638 geneid=Nfu_g_1_019966 transcriptid=Nfu_t_1_047638 proteinid=Nfu_p_1_047638 gene=WDR45L annotation=wdr45 like,0.963429983890982,LCCVNITIEALRVIYFKWLYSFFFFIPFDVCACPGCFACGMENGFRVYNTDPLKEKEKQEFLEGGIGHVEMLFRCNYLALVGGGKKPKYPTNKGIFYKY,Nfu_p_1_047638,geneid=Nfu_g_1_019966,transcriptid=Nfu_t_1_047638,proteinid=Nfu_p_1_047638,wdr45l,wdr45 like,,,,
61,61,22553,Nfu_p_1_051425 geneid=Nfu_g_1_021492 transcriptid=Nfu_t_1_051425 proteinid=Nfu_p_1_051425 gene=ASIP annotation=agouti signaling protein,0.962032959437378,MMLTSLMLGCIVFTATQFYLGSAHMILDERLSTNMAVVSNALSQSIEIETPPVVIVELAKSTKKKEKTRKQKKSKFAVKKRPPPPPNCIPLWGSCKSPENVCCDFCAFCQCRLFKTVCLCRMGNPGC,Nfu_p_1_051425,geneid=Nfu_g_1_021492,transcriptid=Nfu_t_1_051425,proteinid=Nfu_p_1_051425,asip,agouti signaling protein,,,,
62,62,59094,Nfu_p_1_024606 geneid=Nfu_g_1_010146 transcriptid=Nfu_t_1_024606 proteinid=Nfu_p_1_024606 gene=Nfu_g_1_010146,0.9611789920196836,GFPVTVLGLGLAVCLLATPQRGGADGSCWIFPNVMTHCYPECHRVECLGGRPSSSSAERHLKPINYS,Nfu_p_1_024606,geneid=Nfu_g_1_010146,transcriptid=Nfu_t_1_024606,proteinid=Nfu_p_1_024606,nfu_g_1_010146,,,,,
63,63,27196,Nfu_p_1_028018 geneid=Nfu_g_1_011606 transcriptid=Nfu_t_1_028018 proteinid=Nfu_p_1_028018 gene=OLA.26123 annotation=Uncharacterized protein,0.960855582966335,MAEIAPAPAAAPAKAAKKKSAKPKKAGPSVGELIVKTVAASKERSGVSAAALKKALAAGGYDVDKNKARVKTAIKSLVSKGTLVQTKGVGASGSFKMSKKVETKAKKPAKKAVAPKAKKPAAKKPAAAKKPKKAAAAAAKKPAAAKKSPKKVKKPAAAKKPAKSPKKATKSPKKVVKKAPAAKKAPAKKAAKPKAKKAAPKKK,Nfu_p_1_028018,geneid=Nfu_g_1_011606,transcriptid=Nfu_t_1_028018,proteinid=Nfu_p_1_028018,ola.26123,Uncharacterized protein,,,,
64,64,1204,Nfu_p_1_040299 geneid=Nfu_g_1_016847 transcriptid=Nfu_t_1_040299 proteinid=Nfu_p_1_040299 gene=Nfu_g_1_016847,0.96056844026848,MKNFIVSVAVAVMLTIVCLQESSAAPSTEEHKQVEETMDGGPVAVYEEISEGSRMMSYGSVQRQRRCRFCCSCCPNMTTCGVCCRFGKEQQHL,Nfu_p_1_040299,geneid=Nfu_g_1_016847,transcriptid=Nfu_t_1_040299,proteinid=Nfu_p_1_040299,nfu_g_1_016847,,,,,
65,65,53589,Nfu_p_1_026963 geneid=Nfu_g_1_011178 transcriptid=Nfu_t_1_026963 proteinid=Nfu_p_1_026963 gene=Nfu_g_1_011178,0.9602421711281102,LIHLLLCSQKKHGDKNFRKMHGPLVSVTLLQWGQCQEPLLQRSFFCSCRALLLHWTGGSGCRS,Nfu_p_1_026963,geneid=Nfu_g_1_011178,transcriptid=Nfu_t_1_026963,proteinid=Nfu_p_1_026963,nfu_g_1_011178,,,,,
66,66,9504,Nfu_p_1_017003 geneid=Nfu_g_1_007029 transcriptid=Nfu_t_1_017003 proteinid=Nfu_p_1_017003 gene=OLA.7797 annotation=Histone H2A,0.9594807758215892,MSGRGKTGGKARAKAKTRSSRAGLQFPVGRVHRLLRKGNYAQRVGAGAPVYLAAVLEYLTAEILELAGNAARDNKKTRIIPRHLQLAVRNDEELNKLLGGVTIAQGGVLPNIQAVLLPKKTEKPAKTKRTDQ,Nfu_p_1_017003,geneid=Nfu_g_1_007029,transcriptid=Nfu_t_1_017003,proteinid=Nfu_p_1_017003,ola.7797,Histone H2A,,,,
67,67,1000,Nfu_p_1_023208 geneid=Nfu_g_1_009519 transcriptid=Nfu_t_1_023208 proteinid=Nfu_p_1_023208 gene=Nfu_g_1_009519,0.9589717291764144,MNSAVQFTVLLACITICSSAVIKNCRCVNSIKAVNPKMIVEVRVLKPRPYCSKCEVIVTLKDKRSKCLDPESQFTKFVLGAE,Nfu_p_1_023208,geneid=Nfu_g_1_009519,transcriptid=Nfu_t_1_023208,proteinid=Nfu_p_1_023208,nfu_g_1_009519,,,,,
68,68,10407,Nfu_p_1_052705 geneid=Nfu_g_1_022028 transcriptid=Nfu_t_1_052705 proteinid=Nfu_p_1_052705 gene=Nfu_g_1_022028,0.95896124734176,MLCATVEGFSSYICRLLSACFWSLVKCPHVAAQSERRIRRVDGVDTALKVFFALIGSHCLFFFPENPKKLHEATGKEGVCVCVCVISAFTHLLISSYNLL,Nfu_p_1_052705,geneid=Nfu_g_1_022028,transcriptid=Nfu_t_1_052705,proteinid=Nfu_p_1_052705,nfu_g_1_022028,,,,,
69,69,50664,Nfu_p_1_035450 geneid=Nfu_g_1_014722 transcriptid=Nfu_t_1_035450 proteinid=Nfu_p_1_035450 gene=BX927253.1 annotation=Uncharacterized protein,0.9585650141861024,DGLGAVLSQVQEGESKACPIAFASKALTKAQSNYPACCLELLVLKWSICDKFSHWLKGHTFTVWTYIKPLTSSQNPNLMHVNK,Nfu_p_1_035450,geneid=Nfu_g_1_014722,transcriptid=Nfu_t_1_035450,proteinid=Nfu_p_1_035450,bx927253.1,Uncharacterized protein,,,,
70,70,34667,Nfu_p_1_055637 geneid=Nfu_g_1_023168 transcriptid=Nfu_t_1_055637 proteinid=Nfu_p_1_055637 gene=Nfu_g_1_023168 annotation=Uncharacterized protein,0.9560642289581992,STFTCFSPSQPESAAVFLHLCQIAQADKCLQGLHWLPVNLRVNFKILILVFRALHRMCQTQGLARGAFLCGPR,Nfu_p_1_055637,geneid=Nfu_g_1_023168,transcriptid=Nfu_t_1_055637,proteinid=Nfu_p_1_055637,nfu_g_1_023168,Uncharacterized protein,,,,
71,71,30538,Nfu_p_1_046886 geneid=Nfu_g_1_019624 transcriptid=Nfu_t_1_046886 proteinid=Nfu_p_1_046886 gene=Nfu_g_1_019624,0.9529775114878992,QNSSHFCFFISSLCSIDKSQALARLLDLGDKLSVNIGMYLGNRNIVLLQCRRQMLSKCPHLMLGKVIPIYIRAFG,Nfu_p_1_046886,geneid=Nfu_g_1_019624,transcriptid=Nfu_t_1_046886,proteinid=Nfu_p_1_046886,nfu_g_1_019624,,,,,
72,72,33991,Nfu_p_1_009773 geneid=Nfu_g_1_003980 transcriptid=Nfu_t_1_009773 proteinid=Nfu_p_1_009773 gene=Nfu_g_1_003980,0.9521858887312744,MQHYFCVHPTNKKYPNIFQFYFYLQECRGRLGSGCFTGFKLQTPVFPAQEHCVISETKCD,Nfu_p_1_009773,geneid=Nfu_g_1_003980,transcriptid=Nfu_t_1_009773,proteinid=Nfu_p_1_009773,nfu_g_1_003980,,,,,
73,73,21629,Nfu_p_1_046510 geneid=Nfu_g_1_019455 transcriptid=Nfu_t_1_046510 proteinid=Nfu_p_1_046510 gene=Nfu_g_1_019455,0.9488478686604204,MLSTTNNHSEHDFCRNLPAKCLLSTSAVIKIPRVCLVWSNFICRTSRKTHGERVPSHLDNERLSTAEKSSELADIHVEIKREREKKERKSAHVDYESCCCNVGHCEPSPLLHAVC,Nfu_p_1_046510,geneid=Nfu_g_1_019455,transcriptid=Nfu_t_1_046510,proteinid=Nfu_p_1_046510,nfu_g_1_019455,,,,,
74,74,47707,Nfu_p_1_043454 geneid=Nfu_g_1_018156 transcriptid=Nfu_t_1_043454 proteinid=Nfu_p_1_043454 gene=Nfu_g_1_018156,0.9482750875697232,ASTTTIAAVAYLKTIRVSGDCYMGFAMEKSKLAPRASHTVPSLVICAAVLTVELADFLK,Nfu_p_1_043454,geneid=Nfu_g_1_018156,transcriptid=Nfu_t_1_043454,proteinid=Nfu_p_1_043454,nfu_g_1_018156,,,,,
75,75,52030,Nfu_p_1_048805 geneid=Nfu_g_1_020394 transcriptid=Nfu_t_1_048805 proteinid=Nfu_p_1_048805 gene=Nfu_g_1_020394,0.9474178808679592,LPSLHLYSTGGPEISCLVRNCTAVPAKSNKILRIPVCYIFRITKRVWQQQHQGCGRISSCVFCRHEQ,Nfu_p_1_048805,geneid=Nfu_g_1_020394,transcriptid=Nfu_t_1_048805,proteinid=Nfu_p_1_048805,nfu_g_1_020394,,,,,
76,76,57741,Nfu_p_1_033300 geneid=Nfu_g_1_013839 transcriptid=Nfu_t_1_033300 proteinid=Nfu_p_1_033300 gene=LCOR annotation=ligand dependent nuclear receptor corepressor,0.946739021936243,MCERTTAKRLSFESILEGLFGPGLVKDITLFQDCEPEEVSDWSFDENCLFCCVRREKNKTSQVSQTLTFL,Nfu_p_1_033300,geneid=Nfu_g_1_013839,transcriptid=Nfu_t_1_033300,proteinid=Nfu_p_1_033300,lcor,ligand dependent nuclear receptor corepressor,,,,
77,77,6167,Nfu_p_1_023820 geneid=Nfu_g_1_009780 transcriptid=Nfu_t_1_023820 proteinid=Nfu_p_1_023820 gene=CCL25B annotation=chemokine (C-C motif) ligand 25b,0.9456026606931032,MKCQALVLLLLFTCMYLSLAQGSYDNCCLGYVKMMGKVARKNTFHYRLQETDGDCNIRAV,Nfu_p_1_023820,geneid=Nfu_g_1_009780,transcriptid=Nfu_t_1_023820,proteinid=Nfu_p_1_023820,ccl25b,chemokine (C-C motif) ligand 25b,10791.0,23716.0,3797.0,7937.0
78,78,35895,Nfu_p_1_014876 geneid=Nfu_g_1_006158 transcriptid=Nfu_t_1_014876 proteinid=Nfu_p_1_014876 gene=TRRAP annotation=transformation/transcription domain-associated protein,0.9425633082291348,MFHSEENGSKGMDPLVLIDAIAICMAYEEKELCKIGEVALAVIFDVASIILGSKERVSHIGRRRLEGVFFYPSIKTTSF,Nfu_p_1_014876,geneid=Nfu_g_1_006158,transcriptid=Nfu_t_1_014876,proteinid=Nfu_p_1_014876,trrap,transformation/transcription domain-associated protein,26023.0,3305.0,12917.0,5007.0
79,79,38853,Nfu_p_1_014875 geneid=Nfu_g_1_006158 transcriptid=Nfu_t_1_014875 proteinid=Nfu_p_1_014875 gene=TRRAP annotation=transformation/transcription domain-associated protein,0.9425633082291348,MFHSEENGSKGMDPLVLIDAIAICMAYEEKELCKIGEVALAVIFDVASIILGSKERVSHIGRRRLEGVFFYPSIKTTSF,Nfu_p_1_014875,geneid=Nfu_g_1_006158,transcriptid=Nfu_t_1_014875,proteinid=Nfu_p_1_014875,trrap,transformation/transcription domain-associated protein,26023.0,3305.0,12917.0,5007.0
80,80,41811,Nfu_p_1_014874 geneid=Nfu_g_1_006158 transcriptid=Nfu_t_1_014874 proteinid=Nfu_p_1_014874 gene=TRRAP annotation=transformation/transcription domain-associated protein,0.9425633082291348,MFHSEENGSKGMDPLVLIDAIAICMAYEEKELCKIGEVALAVIFDVASIILGSKERVSHIGRRRLEGVFFYPSIKTTSF,Nfu_p_1_014874,geneid=Nfu_g_1_006158,transcriptid=Nfu_t_1_014874,proteinid=Nfu_p_1_014874,trrap,transformation/transcription domain-associated protein,26023.0,3305.0,12917.0,5007.0
81,81,26785,"Nfu_p_1_026015 geneid=Nfu_g_1_010756 transcriptid=Nfu_t_1_026015 proteinid=Nfu_p_1_026015 gene=PSMG2 annotation=proteasome (prosome, macropain) assembly chaperone 2",0.9384411249682028,FTAAEQMLAVLQVKVPIIQIKSKKFRQMLVSWIKSSGFSRTVVLSSSHTYQRDDHPCFCLPQLFKVCSKC,Nfu_p_1_026015,geneid=Nfu_g_1_010756,transcriptid=Nfu_t_1_026015,proteinid=Nfu_p_1_026015,psmg2,"proteasome (prosome, macropain) assembly chaperone 2",10224.0,20142.0,1712.0,12459.0
82,82,29529,Nfu_p_1_057962 geneid=Nfu_g_1_024966 transcriptid=Nfu_t_1_057962 proteinid=Nfu_p_1_057962 gene=LIMD1 (2 OF 2) annotation=LIM domains containing 1,0.9354536233136348,SSPAVCVTRPPQVCQTALGDGNEGKLDMTDPSYTPSLYFRLCTRCGEAVNAAGGACQAMGHVFHRACFTCSMCNKQLHGKPFFTASGLIYCEEDFLFSGVHPSR,Nfu_p_1_057962,geneid=Nfu_g_1_024966,transcriptid=Nfu_t_1_057962,proteinid=Nfu_p_1_057962,limd1,LIM domains containing 1,17021.0,13320.0,31166.0,782.0
83,83,18653,Nfu_p_1_025635 geneid=Nfu_g_1_010598 transcriptid=Nfu_t_1_025635 proteinid=Nfu_p_1_025635 gene=Nfu_g_1_010598,0.9339414275273902,IIEEFRRITTVSLVETFMLKLHEYTPGLLQLMRAKGGAAGSKMRPLLDTLNDTQSIEKKRDVVICCLISYLWERQEDLFHDCQ,Nfu_p_1_025635,geneid=Nfu_g_1_010598,transcriptid=Nfu_t_1_025635,proteinid=Nfu_p_1_025635,nfu_g_1_010598,,,,,
84,84,26752,Nfu_p_1_037141 geneid=Nfu_g_1_015443 transcriptid=Nfu_t_1_037141 proteinid=Nfu_p_1_037141 gene=Nfu_g_1_015443,0.9331703797415254,MPLCFPPITESKLTHHGLRGPLSCMFQMFLCSNSTDLTDFYIINAEKINHQLNQVCWRKTARTCRMVALKHQVKPHLQAKDAPTLLSVFYCLVFLEKRENMIQMVEFVKFKNQYNVGVFT,Nfu_p_1_037141,geneid=Nfu_g_1_015443,transcriptid=Nfu_t_1_037141,proteinid=Nfu_p_1_037141,nfu_g_1_015443,,,,,
85,85,21336,Nfu_p_1_017346 geneid=Nfu_g_1_007163 transcriptid=Nfu_t_1_017346 proteinid=Nfu_p_1_017346 gene=OLA.26123 annotation=Uncharacterized protein,0.9330153701916408,MAEVAPAPAATPAKAAKKKSTKPKKAGPSVGELIVKTVAASKERSGVSAAALKKALAAGGYDVDKNKARVKTAIKSLVAKGTLVQTKGIGASGSFKMSKKVETTAKKPAKKAVAPKAKKPAAKKPAAAKKPKKATAAKKPAAAKKSPKKVKKPAVAKKPAKSPKKATKSPKKVVKKAPAAKKAPAKKAAKPKAKKAAPKKK,Nfu_p_1_017346,geneid=Nfu_g_1_007163,transcriptid=Nfu_t_1_017346,proteinid=Nfu_p_1_017346,ola.26123,Uncharacterized protein,,,,
86,86,43328,Nfu_p_1_050628 geneid=Nfu_g_1_021159 transcriptid=Nfu_t_1_050628 proteinid=Nfu_p_1_050628 gene=im:7152348 annotation=Uncharacterized protein,0.9311960907076656,MSPNVELECVVCFNEFSRRSRVPRVLHCNHTFCAPCLEKMSKLHNGIYTVSCPLCCWITCILATMKLSGALWVNTEIWDQLSEKQDSLKDLKSTKTQLIMPAHSGLRRTIHTSGFKTRVQKLFT,Nfu_p_1_050628,geneid=Nfu_g_1_021159,transcriptid=Nfu_t_1_050628,proteinid=Nfu_p_1_050628,im:7152348,Uncharacterized protein,,,,
87,87,57400,Nfu_p_1_040300 geneid=Nfu_g_1_016847 transcriptid=Nfu_t_1_040300 proteinid=Nfu_p_1_040300 gene=Nfu_g_1_016847,0.9286640626454286,MKNFIVSVAVAVMLTIVCLQESSAAPSTEEHKQVEETMDGGPVAVYEEISEGSRMMSYGSVQRQRRCRFCCSCCPNMTTCGVCCRS,Nfu_p_1_040300,geneid=Nfu_g_1_016847,transcriptid=Nfu_t_1_040300,proteinid=Nfu_p_1_040300,nfu_g_1_016847,,,,,
88,88,3592,"Nfu_p_1_017330 geneid=Nfu_g_1_007156 transcriptid=Nfu_t_1_017330 proteinid=Nfu_p_1_017330 gene=SPINK4 annotation=serine peptidase inhibitor, Kazal type 4",0.9274905843682892,MTGRVFLLGLLLICVTAAEVQKSGFERKPTCPDEEVIMACPMNLAPVCGSDGNTYANECTLCAQSQKIKMDIMVVKEESC,Nfu_p_1_017330,geneid=Nfu_g_1_007156,transcriptid=Nfu_t_1_017330,proteinid=Nfu_p_1_017330,spink4,"serine peptidase inhibitor, Kazal type 4",,,,
89,89,30565,Nfu_p_1_023403 geneid=Nfu_g_1_009600 transcriptid=Nfu_t_1_023403 proteinid=Nfu_p_1_023403 gene=Nfu_g_1_009600,0.9258594320861612,MFSVLRVGGENDAFHQVVQLQPKIWAEGSGQWSTGLCECYKDLGDCCFAFCCFPVFTCKVTSAAGACPCLPLLDCISCVPPASLAMRASVRERYGIQVQPRLFLHELNASQ,Nfu_p_1_023403,geneid=Nfu_g_1_009600,transcriptid=Nfu_t_1_023403,proteinid=Nfu_p_1_023403,nfu_g_1_009600,,,,,
90,90,52799,Nfu_p_1_025394 geneid=Nfu_g_1_010478 transcriptid=Nfu_t_1_025394 proteinid=Nfu_p_1_025394 gene=Nfu_g_1_010478,0.9231044497920884,MKGRHIVVCLNCCSRLQLRKSLRVETGVTFDRGGCVTSPIGKYQFCPEKQNARAREAGLIYIKVDFETPIRKVDLVAALANISSSKMSKVGCTTPPLQPSPLLGGVMA,Nfu_p_1_025394,geneid=Nfu_g_1_010478,transcriptid=Nfu_t_1_025394,proteinid=Nfu_p_1_025394,nfu_g_1_010478,,,,,
91,91,4162,Nfu_p_1_040298 geneid=Nfu_g_1_016847 transcriptid=Nfu_t_1_040298 proteinid=Nfu_p_1_040298 gene=Nfu_g_1_016847,0.9127139272743396,MLTIVCLQESSAAPSTEEHKQVEETMDGGPVAVYEEISEGSRMMSYGSVQRQRRCRFCCSCCPNMTTCGVCCRFGKEQQHL,Nfu_p_1_040298,geneid=Nfu_g_1_016847,transcriptid=Nfu_t_1_040298,proteinid=Nfu_p_1_040298,nfu_g_1_016847,,,,,
92,92,41968,"Nfu_p_1_010477 geneid=Nfu_g_1_004291 transcriptid=Nfu_t_1_010477 proteinid=Nfu_p_1_010477 gene=FAM19A2 annotation=family with sequence similarity 19 (chemokine (C-C motif)-like), member A2",0.9092945479845844,MSERYTQIRSNGALLVMVLVIGVLKLSAPTEGMTAAYQVRTGTCEVVALHRCCNKNKIEERSQTVKCSCFPGQVAGTTRAAPSCVDGGPTSLVWKIITRRTQRTLL,Nfu_p_1_010477,geneid=Nfu_g_1_004291,transcriptid=Nfu_t_1_010477,proteinid=Nfu_p_1_010477,fam19a2,"family with sequence similarity 19 (chemokine (C-C motif)-like), member A2",803.0,5587.0,28604.0,20058.0
93,93,42105,Nfu_p_1_038225 geneid=Nfu_g_1_015927 transcriptid=Nfu_t_1_038225 proteinid=Nfu_p_1_038225 gene=Nfu_g_1_015927,0.9075178796299312,MTEPAEGCHCGLGLQRSEHYCSMTSDIYHLPLNVYVIVLGIGLFVFMLSLIFCCYLFRLKQQGTREQFSYNEVVLKGASKKLSLLGQTCAVCLEEFRTRDELGVCPCSHAFHKK,Nfu_p_1_038225,geneid=Nfu_g_1_015927,transcriptid=Nfu_t_1_038225,proteinid=Nfu_p_1_038225,nfu_g_1_015927,,,,,
94,94,15997,Nfu_p_1_040363 geneid=Nfu_g_1_016885 transcriptid=Nfu_t_1_040363 proteinid=Nfu_p_1_040363 gene=FXYD6 annotation=FXYD domain containing ion transport regulator 6,0.90382683041581,MMSKIGTLVFMTFVSVMFAEAEPVEEDPFTFDYHQLRVGGLILAAVLCLIGITILLSGHCRCKFNQGKRRRTGSNAQQMLTDQGRACDC,Nfu_p_1_040363,geneid=Nfu_g_1_016885,transcriptid=Nfu_t_1_040363,proteinid=Nfu_p_1_040363,fxyd6,FXYD domain containing ion transport regulator 6,,,,
95,95,59098,Nfu_p_1_024562 geneid=Nfu_g_1_010127 transcriptid=Nfu_t_1_024562 proteinid=Nfu_p_1_024562 gene=SI:CH211-191I18.4 annotation=si:ch211-191i18.4,0.901562969659054,MKLGVCAVLLLLISSLPKVDCSLPDFTPATAQLQVGQEKISVNSELNVVRSLKKNDFIRLPGICKRLKRRRITILCNMDKFCRGHTWWRNQKLPPGQMCRCPRGSRCSHFFLHSL,Nfu_p_1_024562,geneid=Nfu_g_1_010127,transcriptid=Nfu_t_1_024562,proteinid=Nfu_p_1_024562,si:ch211-191i18.4,si:ch211-191i18.4,,,,
