"","TermID","Name","Frequency","PlotX","PlotY","LogSize","Value","Uniqueness","Dispensability","Representative","Eliminated","immune_system_processes","inflammatory_response","regulation_of_immune_system_processes","regulation_of_inflammatory_response","immune_response_regulating_signaling_pathway","cytokine_production","cytokine_mediated_signaling_pathway","defence_response_to_other_organism","leukocyte_proliferation"
"GO:0007618","GO:0007618"," mating",0.180903386285262," -2.31618768201147"," 5.66431387941808",1.51851393987789,2.07303479861208,0.995103113996042,0," null"," False","FALSE","FALSE","FALSE","FALSE","FALSE","FALSE","FALSE","FALSE","FALSE"
"GO:0032635","GO:0032635"," interleukin-6 production",0.0310927695177794," -0.590073124606931"," 1.65296146523882",0.778151250383644,2.15136608142295,0.951338652158154,0," null"," False","FALSE","FALSE","FALSE","FALSE","FALSE","TRUE","FALSE","FALSE","FALSE"
"GO:0032633","GO:0032633"," interleukin-4 production",0.0310927695177794," null"," null",0.778151250383644,1.98252853683054,0.951338652158154,0.88360979," 32635"," True","FALSE","FALSE","FALSE","FALSE","FALSE","TRUE","FALSE","FALSE","FALSE"
"GO:0050853","GO:0050853"," B cell receptor signaling pathway",0.734920006783877," -1.49625161955734"," -3.1288131313161",2.11727129565576,2.31034208000189,0.705574489930612,0," null"," False","TRUE","FALSE","TRUE","FALSE","TRUE","FALSE","FALSE","FALSE","FALSE"
"GO:0002221","GO:0002221"," pattern recognition receptor signaling pathway",0.480524619820227," null"," null",1.93449845124357,1.62009221657229,0.824931365485293,0.74322259," 50853"," True","FALSE","FALSE","FALSE","FALSE","FALSE","FALSE","FALSE","FALSE","FALSE"
"GO:0002768","GO:0002768"," immune response-regulating cell surface receptor signaling pathway",1.61682401492453," null"," null",2.45788189673399,1.68797505779846,0.798963214335567,0.84300076," 50853"," True","TRUE","FALSE","TRUE","FALSE","TRUE","FALSE","FALSE","FALSE","FALSE"
"GO:0050851","GO:0050851"," antigen receptor-mediated signaling pathway",1.20979139578269," null"," null",2.33243845991561,1.58516912257617,0.691476587703128,0.89220623," 50853"," True","TRUE","FALSE","TRUE","FALSE","TRUE","FALSE","FALSE","FALSE","FALSE"
"GO:0002757","GO:0002757"," immune response-activating signal transduction",1.47549324438917," null"," null",2.41830129131975,1.61696394902651,0.690181230998244,0.91344409," 50853"," True","TRUE","FALSE","TRUE","FALSE","TRUE","FALSE","FALSE","FALSE","FALSE"
"GO:0002429","GO:0002429"," immune response-activating cell surface receptor signaling pathway",1.47549324438917," null"," null",2.41830129131975,1.61696394902651,0.685493519721193,0.96258059," 50853"," True","TRUE","FALSE","TRUE","FALSE","TRUE","FALSE","FALSE","FALSE","FALSE"
"GO:0006614","GO:0006614"," SRP-dependent cotranslational protein targeting to membrane",0.090451693142631," 6.23339040471599"," -4.4810529642049",1.23044892137827,2.08240876946358,0.909926993180737,0.00401829," null"," False","FALSE","FALSE","FALSE","FALSE","FALSE","FALSE","FALSE","FALSE","FALSE"
"GO:0006613","GO:0006613"," cotranslational protein targeting to membrane",0.118717847249703," null"," null",1.34242268082221,2.08018923143198,0.916647575127266,0.77129589," 6614"," True","FALSE","FALSE","FALSE","FALSE","FALSE","FALSE","FALSE","FALSE","FALSE"
"GO:0072599","GO:0072599"," establishment of protein localization to endoplasmic reticulum",0.20351630957092," null"," null",1.56820172406699,1.83177211536087,0.920072668477752,0.85325632," 6614"," True","FALSE","FALSE","FALSE","FALSE","FALSE","FALSE","FALSE","FALSE","FALSE"
"GO:0045047","GO:0045047"," protein targeting to ER",0.180903386285262," null"," null",1.51851393987789,1.85893968259275,0.910212209501229,0.92839956," 6614"," True","FALSE","FALSE","FALSE","FALSE","FALSE","FALSE","FALSE","FALSE","FALSE"
"GO:0007159","GO:0007159"," leukocyte cell-cell adhesion",0.30527446435638," 8.47691905640422"," 1.15965871006629",1.74036268949424,1.62649127950652,0.995015419804985,0.00447489," null"," False","FALSE","FALSE","FALSE","FALSE","FALSE","FALSE","FALSE","FALSE","FALSE"
"GO:0070661","GO:0070661"," leukocyte proliferation",0.520097235570128," 0.21101132065467"," 3.00071108586114",1.96848294855394,1.74755251888752,0.973085016831031,0.00470928," null"," False","FALSE","FALSE","FALSE","FALSE","FALSE","FALSE","FALSE","FALSE","TRUE"
"GO:0098813","GO:0098813"," nuclear chromosome segregation",1.25501724235401," -1.42368850672843"," 4.8735830402938",2.34830486304816,-1.66888562126449,0.949156376521232,0.00515576," null"," False","FALSE","FALSE","FALSE","FALSE","FALSE","FALSE","FALSE","FALSE","FALSE"
"GO:0000070","GO:0000070"," mitotic sister chromatid segregation",0.655774775284075," null"," null",2.06818586174616,-1.70344945659086,0.914899515686821,0.86687595," 98813"," True","FALSE","FALSE","FALSE","FALSE","FALSE","FALSE","FALSE","FALSE","FALSE"
"GO:0000819","GO:0000819"," sister chromatid segregation",0.814065238283679," null"," null",2.16136800223497,-1.68731521961867,0.921888246210479,0.88727431," 98813"," True","FALSE","FALSE","FALSE","FALSE","FALSE","FALSE","FALSE","FALSE","FALSE"
"GO:0065004","GO:0065004"," protein-DNA complex assembly",0.972355701283283," 2.26994829549922"," 6.80394431991612",2.2380461031288,-1.65662609969085,0.967384696525324,0.00531594," null"," False","FALSE","FALSE","FALSE","FALSE","FALSE","FALSE","FALSE","FALSE","FALSE"
"GO:0007059","GO:0007059"," chromosome segregation",1.58855786081746," 8.59888367907691"," -0.218148300146726",2.45024910831936,-1.64380186726033,0.994130621509682,0.00562219," null"," False","FALSE","FALSE","FALSE","FALSE","FALSE","FALSE","FALSE","FALSE","FALSE"
"GO:0051354","GO:0051354"," negative regulation of oxidoreductase activity",0.141330770535361," -0.996416588904824"," 7.11196179320101",1.41497334797082,1.99612197710275,0.974822743677916,0.01983455," null"," False","FALSE","FALSE","FALSE","FALSE","FALSE","FALSE","FALSE","FALSE","FALSE"
"GO:0032675","GO:0032675"," regulation of interleukin-6 production",0.780145853355192," -5.63033126809518"," 2.38809630815488",2.14301480025409,2.16701739073932,0.933392767248401,0.03057171," null"," False","FALSE","FALSE","FALSE","FALSE","FALSE","TRUE","FALSE","FALSE","FALSE"
"GO:0001819","GO:0001819"," positive regulation of cytokine production",2.56656679292215," null"," null",2.65801139665711,1.70230628351149,0.902855267329689,0.72700689," 32675"," True","FALSE","FALSE","FALSE","FALSE","FALSE","TRUE","FALSE","FALSE","FALSE"
"GO:1903305","GO:1903305"," regulation of regulated secretory pathway",0.768839391712364," -6.80171509154925"," -0.52222301848583",2.13672056715641,1.89753929864009,0.927253781668424,0.03587359," null"," False","FALSE","FALSE","FALSE","FALSE","FALSE","FALSE","FALSE","FALSE","FALSE"
"GO:0050865","GO:0050865"," regulation of cell activation",3.70286618802646," 1.89200976955834"," -2.84289403529807",2.81690383937566,1.76404971034177,0.964569113792787,0.04297923," null"," False","FALSE","FALSE","FALSE","FALSE","FALSE","FALSE","FALSE","FALSE","FALSE"
"GO:1903037","GO:1903037"," regulation of leukocyte cell-cell adhesion",1.82599355531686," -3.00891008303304"," 6.65557352293169",2.51054501020661,1.59388606719873,0.959137999814651,0.04807258," null"," False","FALSE","FALSE","FALSE","FALSE","FALSE","FALSE","FALSE","FALSE","FALSE"
"GO:0045785","GO:0045785"," positive regulation of cell adhesion",2.44219571485104," null"," null",2.63648789635337,1.54598100160567,0.933004791750777,0.79260454," 1903037"," True","FALSE","FALSE","FALSE","FALSE","FALSE","FALSE","FALSE","FALSE","FALSE"
"GO:0050804","GO:0050804"," modulation of chemical synaptic transmission",2.40262309910114," -4.83423762631634"," -5.93215404842625",2.62940959910272,1.67107317119196,0.952284077995928,0.04995066," null"," False","FALSE","FALSE","FALSE","FALSE","FALSE","FALSE","FALSE","FALSE","FALSE"
"GO:0072593","GO:0072593"," reactive oxygen species metabolic process",0.554016620498615," 1.86712630638328"," -4.41517785282363",1.99563519459755,1.88207689955504,0.979160310136275,0.06985821," null"," False","FALSE","FALSE","FALSE","FALSE","FALSE","FALSE","FALSE","FALSE","FALSE"
"GO:0001974","GO:0001974"," blood vessel remodeling",0.197863078749505," 0.77865782871591"," 4.17712749153732",1.55630250076729,2.12303190430298,0.971530724098518,0.0879805," null"," False","FALSE","FALSE","FALSE","FALSE","FALSE","FALSE","FALSE","FALSE","FALSE"
"GO:0098754","GO:0098754"," detoxification",0.763186160890949," 2.45104306123823"," -7.62374947434134",2.13353890837022,2.0211621893008,0.928623746340366,0.08910558," null"," False","FALSE","FALSE","FALSE","FALSE","FALSE","FALSE","FALSE","FALSE","FALSE"
"GO:0098869","GO:0098869"," cellular oxidant detoxification",0.514444004748714," null"," null",1.96378782734556,1.98678259201511,0.912896189975702,0.83194853," 98754"," True","FALSE","FALSE","FALSE","FALSE","FALSE","FALSE","FALSE","FALSE","FALSE"
"GO:0097237","GO:0097237"," cellular response to toxic substance",0.644468313641246," null"," null",2.06069784035361,1.9997799758199,0.912859780221878,0.85084691," 98754"," True","FALSE","FALSE","FALSE","FALSE","FALSE","FALSE","FALSE","FALSE","FALSE"
"GO:1990748","GO:1990748"," cellular detoxification",0.59924246706993," null"," null",2.02938377768521,2.01066892634114,0.911757542361674,0.96504137," 98754"," True","FALSE","FALSE","FALSE","FALSE","FALSE","FALSE","FALSE","FALSE","FALSE"
"GO:0060841","GO:0060841"," venous blood vessel development",0.0791452314998021," 7.15364855606526"," 1.93932274916454",1.17609125905568,1.94292280871411,0.94593813563784,0.09413005," null"," False","FALSE","FALSE","FALSE","FALSE","FALSE","FALSE","FALSE","FALSE","FALSE"
"GO:0042743","GO:0042743"," hydrogen peroxide metabolic process",0.214822771213749," 4.95535408315301"," -6.84253430761212",1.5910646070265,1.96069298043769,0.972576892682657,0.09839229," null"," False","FALSE","FALSE","FALSE","FALSE","FALSE","FALSE","FALSE","FALSE","FALSE"
"GO:0042744","GO:0042744"," hydrogen peroxide catabolic process",0.146984001356775," null"," null",1.43136376415899,2.08090023997239,0.970309516901689,0.81589489," 42743"," True","FALSE","FALSE","FALSE","FALSE","FALSE","FALSE","FALSE","FALSE","FALSE"
"GO:0009617","GO:0009617"," response to bacterium",4.04206003731132," 3.40506781496569"," -6.29616197613112",2.85491302230786,1.62671846235815,0.937263080038974,0.10789647," null"," False","FALSE","FALSE","FALSE","FALSE","FALSE","FALSE","FALSE","FALSE","FALSE"
"GO:0010712","GO:0010712"," regulation of collagen metabolic process",0.231782463677992," -4.00646587983917"," 5.86566900918004",1.6232492903979,2.00313472414534,0.965966358784056,0.11360125," null"," False","FALSE","FALSE","FALSE","FALSE","FALSE","FALSE","FALSE","FALSE","FALSE"
"GO:0008217","GO:0008217"," regulation of blood pressure",1.03454124031884," 5.09621831690391"," 5.11739891991063",2.26481782300954,2.02328165275626,0.895245706890141,0.11654039," null"," False","FALSE","FALSE","FALSE","FALSE","FALSE","FALSE","FALSE","FALSE","FALSE"
"GO:0008015","GO:0008015"," blood circulation",2.22171971281587," null"," null",2.59549622182557,1.42691444654377,0.953516972718203,0.83554722," 8217"," True","FALSE","FALSE","FALSE","FALSE","FALSE","FALSE","FALSE","FALSE","FALSE"
"GO:0045428","GO:0045428"," regulation of nitric oxide biosynthetic process",0.310927695177794," -4.89742130669638"," 4.99201117386614",1.7481880270062,1.92261734004362,0.961377029185662,0.11674157," null"," False","FALSE","FALSE","FALSE","FALSE","FALSE","FALSE","FALSE","FALSE","FALSE"
"GO:2000377","GO:2000377"," regulation of reactive oxygen species metabolic process",0.836678161569337," -5.10364407665928"," 4.33396682358192",2.17318626841227,1.71335757854428,0.957879888394444,0.13777371," null"," False","FALSE","FALSE","FALSE","FALSE","FALSE","FALSE","FALSE","FALSE","FALSE"
"GO:0080164","GO:0080164"," regulation of nitric oxide metabolic process",0.322234156820623," -4.03974745390922"," 4.97123991778099",1.76342799356294,1.92261734004362,0.964584551101683,0.13843849," null"," False","FALSE","FALSE","FALSE","FALSE","FALSE","FALSE","FALSE","FALSE","FALSE"
"GO:2000379","GO:2000379"," positive regulation of reactive oxygen species metabolic process",0.40703261914184," -4.11600757597918"," 3.13512088406687",1.86332286012046,1.86853707372385,0.939805568406599,0.1413807," null"," False","FALSE","FALSE","FALSE","FALSE","FALSE","FALSE","FALSE","FALSE","FALSE"
"GO:0007252","GO:0007252"," I-kappaB phosphorylation",0.0678387698569733," -0.812575824472582"," -5.49417394598985",1.11394335230684,2.07435649068275,0.904812262347969,0.15950371," null"," False","FALSE","FALSE","FALSE","FALSE","FALSE","FALSE","FALSE","FALSE","FALSE"
"GO:0010506","GO:0010506"," regulation of autophagy",1.80338063203121," -5.61556629248944"," 3.91713098076239",2.50514997831991,1.50980706211472,0.948797388681346,0.16529806," null"," False","FALSE","FALSE","FALSE","FALSE","FALSE","FALSE","FALSE","FALSE","FALSE"
"GO:0050867","GO:0050867"," positive regulation of cell activation",2.44219571485104," -2.66918877382395"," 1.87825606976194",2.63648789635337,1.68746889566827,0.908078877066845,0.17352519," null"," False","FALSE","FALSE","FALSE","FALSE","FALSE","FALSE","FALSE","FALSE","FALSE"
"GO:0051249","GO:0051249"," regulation of lymphocyte activation",2.97925264288541," null"," null",2.72263392253381,1.65088049935661,0.860246349224821,0.87852618," 50867"," True","TRUE","FALSE","TRUE","FALSE","FALSE","FALSE","FALSE","FALSE","FALSE"
"GO:0002696","GO:0002696"," positive regulation of leukocyte activation",2.38566340663689," null"," null",2.62634036737504,1.60853461983978,0.842309692838875,0.89549693," 50867"," True","TRUE","FALSE","TRUE","FALSE","FALSE","FALSE","FALSE","FALSE","FALSE"
"GO:0002694","GO:0002694"," regulation of leukocyte activation",3.46543049352705," null"," null",2.78816837114117,1.66978536925299,0.858212633317144,0.92323799," 50867"," True","TRUE","FALSE","TRUE","FALSE","FALSE","FALSE","FALSE","FALSE","FALSE"
"GO:0000184","GO:0000184"," nuclear-transcribed mRNA catabolic process, nonsense-mediated decay",0.197863078749505," -3.0129561187792"," -0.743172663715858",1.55630250076729,1.7362727428263,0.91637204784282,0.17357651," null"," False","FALSE","FALSE","FALSE","FALSE","FALSE","FALSE","FALSE","FALSE","FALSE"
"GO:0042475","GO:0042475"," odontogenesis of dentin-containing tooth",0.463564927355984," 6.2431252580515"," 2.70953469707438",1.91907809237607,1.89076464082675,0.932483506545463,0.17792596," null"," False","FALSE","FALSE","FALSE","FALSE","FALSE","FALSE","FALSE","FALSE","FALSE"
"GO:0140029","GO:0140029"," exocytic process",0.35615354174911," 5.81424586600071"," -3.82066829700586",1.80617997398389,1.82349504411284,0.902287528775959,0.19266357," null"," False","FALSE","FALSE","FALSE","FALSE","FALSE","FALSE","FALSE","FALSE","FALSE"
"GO:0016079","GO:0016079"," synaptic vesicle exocytosis",0.322234156820623," null"," null",1.76342799356294,1.81279776349797,0.814015417646269,0.76174559," 140029"," True","FALSE","FALSE","FALSE","FALSE","FALSE","FALSE","FALSE","FALSE","FALSE"
"GO:0043299","GO:0043299"," leukocyte degranulation",0.186556617106676," null"," null",1.53147891704226,1.50087535922406,0.79835301185237,0.81401922," 140029"," True","TRUE","FALSE","FALSE","FALSE","FALSE","FALSE","FALSE","FALSE","FALSE"
"GO:0099643","GO:0099643"," signal release from synapse",0.440952004070326," null"," null",1.89762709129044,1.58270174272522,0.881486077363338,0.84381412," 140029"," True","FALSE","FALSE","FALSE","FALSE","FALSE","FALSE","FALSE","FALSE","FALSE"
"GO:0007269","GO:0007269"," neurotransmitter secretion",0.440952004070326," null"," null",1.89762709129044,1.58270174272522,0.821967340388006,0.967613," 140029"," True","FALSE","FALSE","FALSE","FALSE","FALSE","FALSE","FALSE","FALSE","FALSE"
"GO:0071103","GO:0071103"," DNA conformation change",1.51506586013907," 1.32430468609811"," 6.41780528987927",2.42975228000241,-1.62896795234874,0.95363907206918,0.19340129," null"," False","FALSE","FALSE","FALSE","FALSE","FALSE","FALSE","FALSE","FALSE","FALSE"
"GO:0007188","GO:0007188"," adenylate cyclase-modulating G protein-coupled receptor signaling pathway",1.24371078071118," -0.422781063012527"," -7.05090993492774",2.34439227368511,1.75738967586802,0.903947745626258,0.20938974," null"," False","FALSE","FALSE","FALSE","FALSE","FALSE","FALSE","FALSE","FALSE","FALSE"
"GO:0043065","GO:0043065"," positive regulation of apoptotic process",2.8209621798858," -2.84066629098416"," 2.3628650458662",2.69897000433602,1.43355796310651,0.932417703928317,0.21966771," null"," False","FALSE","FALSE","FALSE","FALSE","FALSE","FALSE","FALSE","FALSE","FALSE"
"GO:0043068","GO:0043068"," positive regulation of programmed cell death",2.90010741138561," null"," null",2.71096311899528,1.44423099740493,0.93221927282749,0.93319907," 43065"," True","FALSE","FALSE","FALSE","FALSE","FALSE","FALSE","FALSE","FALSE","FALSE"
"GO:0071277","GO:0071277"," cellular response to calcium ion",0.474871388998813," 1.44696849878101"," -7.15436941125032",1.92941892571429,1.87811840477011,0.932452209583582,0.22405025," null"," False","FALSE","FALSE","FALSE","FALSE","FALSE","FALSE","FALSE","FALSE","FALSE"
"GO:0006836","GO:0006836"," neurotransmitter transport",0.734920006783877," 6.9294207102782"," -3.1603068799143",2.11727129565576,1.56938324733999,0.939048302168742,0.23091873," null"," False","FALSE","FALSE","FALSE","FALSE","FALSE","FALSE","FALSE","FALSE","FALSE"
"GO:0006695","GO:0006695"," cholesterol biosynthetic process",0.209169540392334," -0.707954297054503"," -0.739817993388241",1.57978359661681,-1.72211784297322,0.953212646826364,0.24393192," null"," False","FALSE","FALSE","FALSE","FALSE","FALSE","FALSE","FALSE","FALSE","FALSE"
"GO:0016126","GO:0016126"," sterol biosynthetic process",0.248742156142235," null"," null",1.65321251377534,-1.6665801380552,0.953765386966739,0.82244102," 6695"," True","FALSE","FALSE","FALSE","FALSE","FALSE","FALSE","FALSE","FALSE","FALSE"
"GO:1902653","GO:1902653"," secondary alcohol biosynthetic process",0.209169540392334," null"," null",1.57978359661681,-1.72211784297322,0.960094708225273,0.84614145," 6695"," True","FALSE","FALSE","FALSE","FALSE","FALSE","FALSE","FALSE","FALSE","FALSE"
"GO:0009636","GO:0009636"," response to toxic substance",1.38504155124654," 2.54626751190295"," -7.31909191949646",2.39093510710338,1.58445575800114,0.945799046654433,0.25024755," null"," False","FALSE","FALSE","FALSE","FALSE","FALSE","FALSE","FALSE","FALSE","FALSE"
"GO:0090287","GO:0090287"," regulation of cellular response to growth factor stimulus",1.57159816835321," -3.77652729861364"," -4.87277105204334",2.4456042032736,1.4947276261729,0.935793723637021,0.2687943," null"," False","FALSE","FALSE","FALSE","FALSE","FALSE","FALSE","FALSE","FALSE","FALSE"
"GO:0001505","GO:0001505"," regulation of neurotransmitter levels",1.19848493413986," 4.37388713884183"," 5.98082163537969",2.32837960343874,1.674519173182,0.93234530302525,0.27753925," null"," False","FALSE","FALSE","FALSE","FALSE","FALSE","FALSE","FALSE","FALSE","FALSE"
"GO:0035924","GO:0035924"," cellular response to vascular endothelial growth factor stimulus",0.237435694499406," 1.76663981350429"," -7.16854477897781",1.63346845557959,1.8757462779914,0.935460007733221,0.29217032," null"," False","FALSE","FALSE","FALSE","FALSE","FALSE","FALSE","FALSE","FALSE","FALSE"
"GO:0032535","GO:0032535"," regulation of cellular component size",2.17084063542314," 3.21657776992254"," 5.96222563092554",2.5854607295085,1.40516574662436,0.899764011538198,0.30245999," null"," False","FALSE","FALSE","FALSE","FALSE","FALSE","FALSE","FALSE","FALSE","FALSE"
"GO:0048821","GO:0048821"," erythrocyte development",0.197863078749505," 4.73641821667446"," 2.61180256866097",1.55630250076729,2.20720210521415,0.754740328387165,0.31472466," null"," False","TRUE","FALSE","FALSE","FALSE","FALSE","FALSE","FALSE","FALSE","FALSE"
"GO:0002262","GO:0002262"," myeloid cell homeostasis",0.661428006105489," null"," null",2.07188200730613,1.71533064027774,0.798098768251573,0.76647621," 48821"," True","TRUE","FALSE","FALSE","FALSE","FALSE","FALSE","FALSE","FALSE","FALSE"
"GO:0030218","GO:0030218"," erythrocyte differentiation",0.486177850641642," null"," null",1.93951925261862,1.74317714777285,0.742887030841339,0.90008394," 48821"," True","TRUE","FALSE","FALSE","FALSE","FALSE","FALSE","FALSE","FALSE","FALSE"
"GO:0034101","GO:0034101"," erythrocyte homeostasis",0.537056928034372," null"," null",1.98227123303957,1.79748102890593,0.799364251686111,0.94480223," 48821"," True","TRUE","FALSE","FALSE","FALSE","FALSE","FALSE","FALSE","FALSE","FALSE"
"GO:0015844","GO:0015844"," monoamine transport",0.113064616428289," 6.67499480969779"," -4.24856719679513",1.32221929473392,1.9228422790538,0.941514922591351,0.32031532," null"," False","FALSE","FALSE","FALSE","FALSE","FALSE","FALSE","FALSE","FALSE","FALSE"
"GO:0002444","GO:0002444"," myeloid leukocyte mediated immunity",0.277008310249307," 3.09809978344089"," 0.36053251162016",1.69897000433602,1.45611942531851,0.871285384356008,0.324528," null"," False","TRUE","FALSE","FALSE","FALSE","FALSE","FALSE","FALSE","FALSE","FALSE"
"GO:0042116","GO:0042116"," macrophage activation",0.30527446435638," 3.0770883247041"," 1.18216716381132",1.74036268949424,1.82196498059641,0.831995355389832,0.32747361," null"," False","TRUE","FALSE","FALSE","FALSE","FALSE","FALSE","FALSE","FALSE","FALSE"
"GO:0042119","GO:0042119"," neutrophil activation",0.15263723217819," null"," null",1.44715803134222,1.44390412870326,0.836547472264122,0.78944966," 42116"," True","TRUE","FALSE","FALSE","FALSE","FALSE","FALSE","FALSE","FALSE","FALSE"
"GO:0036230","GO:0036230"," granulocyte activation",0.175250155463848," null"," null",1.50514997831991,1.43837773588815,0.839251690541782,0.79843457," 42116"," True","TRUE","FALSE","FALSE","FALSE","FALSE","FALSE","FALSE","FALSE","FALSE"
"GO:0002275","GO:0002275"," myeloid cell activation involved in immune response",0.327887387642037," null"," null",1.77085201164214,1.42933728217156,0.79940800657212,0.84188361," 42116"," True","TRUE","FALSE","FALSE","FALSE","FALSE","FALSE","FALSE","FALSE","FALSE"
"GO:0043312","GO:0043312"," neutrophil degranulation",0.0339193849284866," null"," null",0.845098040014257,1.43486595711927,0.759269900252638,0.87545611," 42116"," True","TRUE","FALSE","FALSE","FALSE","FALSE","FALSE","FALSE","FALSE","FALSE"
"GO:0002283","GO:0002283"," neutrophil activation involved in immune response",0.0791452314998021," null"," null",1.17609125905568,1.43486595711927,0.81589010592694,0.9298921," 42116"," True","TRUE","FALSE","FALSE","FALSE","FALSE","FALSE","FALSE","FALSE","FALSE"
"GO:0006260","GO:0006260"," DNA replication",1.08542031771157," -0.420249731367474"," -1.2996122612884",2.28555730900777,-1.67860835092415,0.952550914065944,0.3284727," null"," False","FALSE","FALSE","FALSE","FALSE","FALSE","FALSE","FALSE","FALSE","FALSE"
"GO:0000280","GO:0000280"," nuclear division",1.73554186217423," 1.30234384644469"," 6.74923471069459",2.48855071650044,-1.57312387090411,0.946879446118535,0.32863958," null"," False","FALSE","FALSE","FALSE","FALSE","FALSE","FALSE","FALSE","FALSE","FALSE"
"GO:0140014","GO:0140014"," mitotic nuclear division",0.944089547176211," null"," null",2.22530928172586,-1.56955014950068,0.921222667211968,0.89579701," 280"," True","FALSE","FALSE","FALSE","FALSE","FALSE","FALSE","FALSE","FALSE","FALSE"
"GO:0043087","GO:0043087"," regulation of GTPase activity",1.9560178642094," -1.37399169965908"," 7.06927996452792",2.54032947479087,1.46036189081042,0.965523732118518,0.32951415," null"," False","FALSE","FALSE","FALSE","FALSE","FALSE","FALSE","FALSE","FALSE","FALSE"
"GO:0031929","GO:0031929"," TOR signaling",0.169596924642433," -1.17089247135993"," -6.43076424905497",1.49136169383427,1.69407979818981,0.91612718738971,0.33538481," null"," False","FALSE","FALSE","FALSE","FALSE","FALSE","FALSE","FALSE","FALSE","FALSE"
"GO:0048285","GO:0048285"," organelle fission",1.87121940188818," 1.56136228326837"," 6.87804835540281",2.52113808370404,-1.47204484592406,0.959281756252203,0.33727783," null"," False","FALSE","FALSE","FALSE","FALSE","FALSE","FALSE","FALSE","FALSE","FALSE"
"GO:0048010","GO:0048010"," vascular endothelial growth factor receptor signaling pathway",0.169596924642433," -1.89964572192192"," -7.06672873475601",1.49136169383427,1.93287505452244,0.913791774595633,0.339417," null"," False","FALSE","FALSE","FALSE","FALSE","FALSE","FALSE","FALSE","FALSE","FALSE"
"GO:0070372","GO:0070372"," regulation of ERK1 and ERK2 cascade",1.6846627847815," -4.36683479510118"," -5.1791873540897",2.47567118832443,1.62821260062035,0.923360343828476,0.35880825," null"," False","FALSE","FALSE","FALSE","FALSE","FALSE","FALSE","FALSE","FALSE","FALSE"
"GO:0015711","GO:0015711"," organic anion transport",1.7638080162813," 6.68713543847654"," -3.51783591492334",2.49554433754645,1.53323232200707,0.927559411169771,0.36669646," null"," False","FALSE","FALSE","FALSE","FALSE","FALSE","FALSE","FALSE","FALSE","FALSE"
"GO:1903792","GO:1903792"," negative regulation of anion transport",0.141330770535361," -6.68223440036821"," -1.09011613014844",1.41497334797082,1.79005067481647,0.932542867133331,0.37000492," null"," False","FALSE","FALSE","FALSE","FALSE","FALSE","FALSE","FALSE","FALSE","FALSE"
"GO:0014032","GO:0014032"," neural crest cell development",0.446605234891741," 6.43850404745273"," 3.0102777461143",1.90308998699194,1.95363055137246,0.910202764782452,0.37515691," null"," False","FALSE","FALSE","FALSE","FALSE","FALSE","FALSE","FALSE","FALSE","FALSE"
"GO:0014031","GO:0014031"," mesenchymal cell development",0.474871388998813," null"," null",1.92941892571429,1.86830533513749,0.914815076818105,0.861886," 14032"," True","FALSE","FALSE","FALSE","FALSE","FALSE","FALSE","FALSE","FALSE","FALSE"
"GO:0048864","GO:0048864"," stem cell development",0.474871388998813," null"," null",1.92941892571429,1.96218053135722,0.931062081822612,0.87026538," 14032"," True","FALSE","FALSE","FALSE","FALSE","FALSE","FALSE","FALSE","FALSE","FALSE"
"GO:0099177","GO:0099177"," regulation of trans-synaptic signaling",2.40827632992255," -5.10796330246858"," -5.63539504234522",2.63042787502502,1.67107317119196,0.952271556015838,0.37600756," null"," False","FALSE","FALSE","FALSE","FALSE","FALSE","FALSE","FALSE","FALSE","FALSE"
"GO:0045214","GO:0045214"," sarcomere organization",0.209169540392334," 4.81736371746194"," 3.76896271478882",1.57978359661681,-1.89579387512483,0.897840777182992,0.37695705," null"," False","FALSE","FALSE","FALSE","FALSE","FALSE","FALSE","FALSE","FALSE","FALSE"
"GO:0007229","GO:0007229"," integrin-mediated signaling pathway",0.537056928034372," -1.50839728241009"," -7.0235775619365",1.98227123303957,1.96424487953317,0.904469600295258,0.37800078," null"," False","FALSE","FALSE","FALSE","FALSE","FALSE","FALSE","FALSE","FALSE","FALSE"
"GO:0050900","GO:0050900"," leukocyte migration",1.27763016563966," 5.2330761488976"," -1.34010593090004",2.35602585719312,2.1085145128446,0.792257149873475,0.37802668," null"," False","TRUE","FALSE","FALSE","FALSE","FALSE","FALSE","FALSE","FALSE","FALSE"
"GO:0003014","GO:0003014"," renal system process",0.559669851320029," 6.3466277238186"," 4.78596623226796",2,1.97888757130593,0.962677327957845,0.39216077," null"," False","FALSE","FALSE","FALSE","FALSE","FALSE","FALSE","FALSE","FALSE","FALSE"
"GO:0006281","GO:0006281"," DNA repair",2.69093787099327," 0.0449495747492676"," -3.90521963905148",2.67851837904011,-1.5372072132101,0.90163085176446,0.39408429," null"," False","FALSE","FALSE","FALSE","FALSE","FALSE","FALSE","FALSE","FALSE","FALSE"
"GO:0006302","GO:0006302"," double-strand break repair",1.06846062524733," null"," null",2.27875360095283,-1.54231515748977,0.90991108936739,0.75624762," 6281"," True","FALSE","FALSE","FALSE","FALSE","FALSE","FALSE","FALSE","FALSE","FALSE"
"GO:0048872","GO:0048872"," homeostasis of number of cells",1.27197693481825," 4.47018669800769"," 5.67666559560049",2.3541084391474,1.83367823419332,0.907472966548387,0.42117228," null"," False","FALSE","FALSE","FALSE","FALSE","FALSE","FALSE","FALSE","FALSE","FALSE"
"GO:0019932","GO:0019932"," second-messenger-mediated signaling",1.28328339646108," -0.578190379028743"," -6.33687582520318",2.35793484700045,1.67651445022037,0.899220982629162,0.42723605," null"," False","FALSE","FALSE","FALSE","FALSE","FALSE","FALSE","FALSE","FALSE","FALSE"
"GO:0070371","GO:0070371"," ERK1 and ERK2 cascade",0.180903386285262," -0.917864279058732"," -6.42871690366456",1.51851393987789,1.55402104918927,0.915673295667285,0.42982006," null"," False","FALSE","FALSE","FALSE","FALSE","FALSE","FALSE","FALSE","FALSE","FALSE"
"GO:0009913","GO:0009913"," epidermal cell differentiation",0.876250777319238," 6.93073159650504"," 2.68427560574898",2.19312459835446,1.68158789654163,0.931612599176708,0.43253221," null"," False","FALSE","FALSE","FALSE","FALSE","FALSE","FALSE","FALSE","FALSE","FALSE"
"GO:0030216","GO:0030216"," keratinocyte differentiation",0.604895697891345," null"," null",2.03342375548695,1.76602711442149,0.920466608881854,0.83507165," 9913"," True","FALSE","FALSE","FALSE","FALSE","FALSE","FALSE","FALSE","FALSE","FALSE"
"GO:0032103","GO:0032103"," positive regulation of response to external stimulus",2.32347786760133," -3.71279857677495"," -3.56123887908567",2.61489721603313,1.52621074718532,0.910694992503282,0.43811401," null"," False","FALSE","FALSE","FALSE","FALSE","FALSE","FALSE","FALSE","FALSE","FALSE"
"GO:0071496","GO:0071496"," cellular response to external stimulus",1.74684832381706," 3.78775197915878"," -6.43968557965522",2.49136169383427,1.48554480767122,0.944401931870434,0.47850524," null"," False","FALSE","FALSE","FALSE","FALSE","FALSE","FALSE","FALSE","FALSE","FALSE"
"GO:0006909","GO:0006909"," phagocytosis",1.4076544745322," 6.17347926738809"," -3.3805057121679",2.39794000867204,1.66701854908657,0.912813228396233,0.48326435," null"," False","FALSE","FALSE","FALSE","FALSE","FALSE","FALSE","FALSE","FALSE","FALSE"
"GO:0051896","GO:0051896"," regulation of protein kinase B signaling",0.90451693142631," -4.30083953551843"," -5.33379755051399",2.20682587603185,1.5742081000558,0.92818628127198,0.49288929," null"," False","FALSE","FALSE","FALSE","FALSE","FALSE","FALSE","FALSE","FALSE","FALSE"
"GO:0002685","GO:0002685"," regulation of leukocyte migration",1.17021878003279," -5.58310579534715"," -1.49385537259457",2.31806333496276,1.89700143125394,0.831191258154785,0.49834105," null"," False","TRUE","FALSE","TRUE","FALSE","FALSE","FALSE","FALSE","FALSE","FALSE"
"GO:0006261","GO:0006261"," DNA-dependent DNA replication",0.706653852676805," -0.280173737445551"," -1.44699541340057",2.10037054511756,-1.81645516100162,0.946045981592952,0.5012512," null"," False","FALSE","FALSE","FALSE","FALSE","FALSE","FALSE","FALSE","FALSE","FALSE"
"GO:0033260","GO:0033260"," nuclear DNA replication",0.15263723217819," null"," null",1.44715803134222,-1.69471929862785,0.923016891441008,0.78237491," 6261"," True","FALSE","FALSE","FALSE","FALSE","FALSE","FALSE","FALSE","FALSE","FALSE"
"GO:0044786","GO:0044786"," cell cycle DNA replication",0.158290462999604," null"," null",1.46239799789896,-1.75022919683825,0.922805006761817,0.78487061," 6261"," True","FALSE","FALSE","FALSE","FALSE","FALSE","FALSE","FALSE","FALSE","FALSE"
"GO:0060627","GO:0060627"," regulation of vesicle-mediated transport",2.95098648877834," -6.75495423962276"," -0.722378253476248",2.71850168886727,1.69525291747609,0.916033207029098,0.50400063," null"," False","FALSE","FALSE","FALSE","FALSE","FALSE","FALSE","FALSE","FALSE","FALSE"
"GO:0007193","GO:0007193"," adenylate cyclase-inhibiting G protein-coupled receptor signaling pathway",0.418339080784668," -0.685545969244611"," -7.34521026130443",1.8750612633917,1.88068159257052,0.913337333502237,0.50686085," null"," False","FALSE","FALSE","FALSE","FALSE","FALSE","FALSE","FALSE","FALSE","FALSE"
"GO:0003341","GO:0003341"," cilium movement",0.85363785403358," 7.08268802505635"," -1.04782078895966",2.18184358794477,-1.69897188371941,0.936571728906398,0.51114187," null"," False","FALSE","FALSE","FALSE","FALSE","FALSE","FALSE","FALSE","FALSE","FALSE"
"GO:0099003","GO:0099003"," vesicle-mediated transport in synapse",0.712307083498219," 5.95022417454837"," -3.55950047865463",2.10380372095596,1.56389177283669,0.918019162389302,0.51964419," null"," False","FALSE","FALSE","FALSE","FALSE","FALSE","FALSE","FALSE","FALSE","FALSE"
"GO:0002042","GO:0002042"," cell migration involved in sprouting angiogenesis",0.118717847249703," 6.4582076361604"," -0.244772057660481",1.34242268082221,2.06974503784083,0.856985742501742,0.52386905," null"," False","FALSE","FALSE","FALSE","FALSE","FALSE","FALSE","FALSE","FALSE","FALSE"
"GO:0006898","GO:0006898"," receptor-mediated endocytosis",0.870597546497823," 6.20825886520811"," -3.55712465527386",2.19033169817029,1.52739969093602,0.91654437478566,0.53122157," null"," False","FALSE","FALSE","FALSE","FALSE","FALSE","FALSE","FALSE","FALSE","FALSE"
"GO:1902105","GO:1902105"," regulation of leukocyte differentiation",1.55463847588897," -4.49351995268122"," 0.325104449300505",2.44090908206522,1.55525463956723,0.867263844012117,0.54169677," null"," False","TRUE","FALSE","TRUE","FALSE","FALSE","FALSE","FALSE","FALSE","FALSE"
"GO:0045619","GO:0045619"," regulation of lymphocyte differentiation",0.966702470461869," null"," null",2.23552844690755,1.69924541540762,0.859033340012169,0.87429087," 1902105"," True","TRUE","FALSE","TRUE","FALSE","FALSE","FALSE","FALSE","FALSE","FALSE"
"GO:0032673","GO:0032673"," regulation of interleukin-4 production",0.180903386285262," -5.90294501694013"," 2.16667548158421",1.51851393987789,1.98252853683054,0.941439832934105,0.55435157," null"," False","FALSE","FALSE","FALSE","FALSE","FALSE","TRUE","FALSE","FALSE","FALSE"
"GO:0072507","GO:0072507"," divalent inorganic cation homeostasis",2.69659110181469," 4.290392685423"," 5.62296221586271",2.67942789661212,1.51378358110809,0.886900397242677,0.55907693," null"," False","FALSE","FALSE","FALSE","FALSE","FALSE","FALSE","FALSE","FALSE","FALSE"
"GO:0007204","GO:0007204"," positive regulation of cytosolic calcium ion concentration",1.58290462999604," null"," null",2.44870631990508,1.58475296711206,0.884161692458436,0.803565," 72507"," True","FALSE","FALSE","FALSE","FALSE","FALSE","FALSE","FALSE","FALSE","FALSE"
"GO:0051480","GO:0051480"," regulation of cytosolic calcium ion concentration",1.80338063203121," null"," null",2.50514997831991,1.63787619737703,0.882566189763029,0.89547474," 72507"," True","FALSE","FALSE","FALSE","FALSE","FALSE","FALSE","FALSE","FALSE","FALSE"
"GO:0006874","GO:0006874"," cellular calcium ion homeostasis",2.36870371417265," null"," null",2.6232492903979,1.53333692457042,0.879188132133993,0.93360546," 72507"," True","FALSE","FALSE","FALSE","FALSE","FALSE","FALSE","FALSE","FALSE","FALSE"
"GO:0055074","GO:0055074"," calcium ion homeostasis",2.44219571485104," null"," null",2.63648789635337,1.56612390440244,0.883636353730376,0.94317958," 72507"," True","FALSE","FALSE","FALSE","FALSE","FALSE","FALSE","FALSE","FALSE","FALSE"
"GO:0072503","GO:0072503"," cellular divalent inorganic cation homeostasis",2.56656679292215," null"," null",2.65801139665711,1.47768473264794,0.878714959816647,0.95343979," 72507"," True","FALSE","FALSE","FALSE","FALSE","FALSE","FALSE","FALSE","FALSE","FALSE"
"GO:1902532","GO:1902532"," negative regulation of intracellular signal transduction",2.74747017920742," -4.86775226460455"," -4.13613244520907",2.68752896121463,1.61475761471941,0.903136326585058,0.5642113," null"," False","FALSE","FALSE","FALSE","FALSE","FALSE","FALSE","FALSE","FALSE","FALSE"
"GO:0051321","GO:0051321"," meiotic cell cycle",1.31720278138956," -1.833623072928"," 5.22715817632161",2.36921585741014,-1.62443765973033,0.954653806730796,0.5724619," null"," False","FALSE","FALSE","FALSE","FALSE","FALSE","FALSE","FALSE","FALSE","FALSE"
"GO:0098876","GO:0098876"," vesicle-mediated transport to the plasma membrane",0.661428006105489," 6.10072184811959"," -3.90403117437912",2.07188200730613,1.75700227241116,0.906825732160589,0.57555732," null"," False","FALSE","FALSE","FALSE","FALSE","FALSE","FALSE","FALSE","FALSE","FALSE"
"GO:0051051","GO:0051051"," negative regulation of transport",2.38566340663689," -6.46157793912474"," -1.41694412446312",2.62634036737504,1.5816002588641,0.914813930025602,0.582624," null"," False","FALSE","FALSE","FALSE","FALSE","FALSE","FALSE","FALSE","FALSE","FALSE"
"GO:0030168","GO:0030168"," platelet activation",0.537056928034372," 3.60705329071603"," 4.11233846637232",1.98227123303957,1.73312269531323,0.800765604079252,0.58883515," null"," False","FALSE","FALSE","FALSE","FALSE","FALSE","FALSE","FALSE","FALSE","FALSE"
"GO:0042060","GO:0042060"," wound healing",1.82034032449545," null"," null",2.5092025223311,1.43267126647551,0.949040143823684,0.78935623," 30168"," True","FALSE","FALSE","FALSE","FALSE","FALSE","FALSE","FALSE","FALSE","FALSE"
"GO:0060271","GO:0060271"," cilium assembly",1.69596924642433," 1.89439873349946"," 6.55996664678876",2.47856649559384,-1.58288538690897,0.945420142735395,0.59018237," null"," False","FALSE","FALSE","FALSE","FALSE","FALSE","FALSE","FALSE","FALSE","FALSE"
"GO:1903706","GO:1903706"," regulation of hemopoiesis",1.97297755667364," -4.65926025087564"," 0.48439129150036",2.54406804435028,1.56670571044311,0.869423381981744,0.60076486," null"," False","TRUE","FALSE","TRUE","FALSE","FALSE","FALSE","FALSE","FALSE","FALSE"
"GO:0034162","GO:0034162"," toll-like receptor 9 signaling pathway",0.0452258465713155," -3.06830606303122"," -4.07720420396688",0.954242509439325,2.0654342318861,0.856530010482566,0.60398585," null"," False","FALSE","FALSE","FALSE","FALSE","FALSE","FALSE","FALSE","FALSE","FALSE"
"GO:0097530","GO:0097530"," granulocyte migration",0.537056928034372," 5.14036501718737"," -1.21719750533034",1.98227123303957,2.08462182806599,0.797224266228531,0.60634588," null"," False","TRUE","FALSE","FALSE","FALSE","FALSE","FALSE","FALSE","FALSE","FALSE"
"GO:0045123","GO:0045123"," cellular extravasation",0.231782463677992," null"," null",1.6232492903979,2.07509066554034,0.811065294703908,0.76225898," 97530"," True","TRUE","FALSE","FALSE","FALSE","FALSE","FALSE","FALSE","FALSE","FALSE"
"GO:0097529","GO:0097529"," myeloid leukocyte migration",0.70100062185539," null"," null",2.09691001300806,1.97665418722364,0.792422954301623,0.8450684," 97530"," True","TRUE","FALSE","FALSE","FALSE","FALSE","FALSE","FALSE","FALSE","FALSE"
"GO:0071674","GO:0071674"," mononuclear cell migration",0.59924246706993," null"," null",2.02938377768521,1.80652520675617,0.795275444065699,0.85425579," 97530"," True","TRUE","FALSE","FALSE","FALSE","FALSE","FALSE","FALSE","FALSE","FALSE"
"GO:0030595","GO:0030595"," leukocyte chemotaxis",0.808412007462265," null"," null",2.15836249209525,1.77784267645785,0.734201565794175,0.88041266," 97530"," True","TRUE","FALSE","FALSE","FALSE","FALSE","FALSE","FALSE","FALSE","FALSE"
"GO:0002687","GO:0002687"," positive regulation of leukocyte migration",0.763186160890949," -5.30903988741534"," -1.09256029283341",2.13353890837022,1.84434804491684,0.818737009995154,0.61034838," null"," False","TRUE","FALSE","TRUE","FALSE","FALSE","FALSE","FALSE","FALSE","FALSE"
"GO:0030335","GO:0030335"," positive regulation of cell migration",2.90010741138561," null"," null",2.71096311899528,1.55818577023965,0.869708696208171,0.80529245," 2687"," True","FALSE","FALSE","FALSE","FALSE","FALSE","FALSE","FALSE","FALSE","FALSE"
"GO:2000147","GO:2000147"," positive regulation of cell motility",3.03578495109955," null"," null",2.73078227566639,1.53484467698005,0.869458674452766,0.95657847," 2687"," True","FALSE","FALSE","FALSE","FALSE","FALSE","FALSE","FALSE","FALSE","FALSE"
"GO:0032755","GO:0032755"," positive regulation of interleukin-6 production",0.508790773927299," -4.94118897920258"," 2.09344763322505",1.95904139232109,1.9382675213945,0.917290084790291,0.61091576," null"," False","FALSE","FALSE","FALSE","FALSE","FALSE","TRUE","FALSE","FALSE","FALSE"
"GO:0042100","GO:0042100"," B cell proliferation",0.231782463677992," 2.64718345216724"," 1.46024750097014",1.6232492903979,1.9286616731167,0.8256244441564,0.61924725," null"," False","TRUE","FALSE","FALSE","FALSE","FALSE","FALSE","FALSE","FALSE","TRUE"
"GO:0042110","GO:0042110"," T cell activation",1.35112216631805," null"," null",2.38021124171161,1.73400272771848,0.81859058009806,0.72042806," 42100"," True","TRUE","FALSE","FALSE","FALSE","FALSE","FALSE","FALSE","FALSE","FALSE"
"GO:0042113","GO:0042113"," B cell activation",0.927129854711968," null"," null",2.21748394421391,1.71081468814411,0.82475539912249,0.83158198," 42100"," True","TRUE","FALSE","FALSE","FALSE","FALSE","FALSE","FALSE","FALSE","FALSE"
"GO:0030098","GO:0030098"," lymphocyte differentiation",1.39634801288937," null"," null",2.39445168082622,1.67810895981361,0.753972284421906,0.87129387," 42100"," True","TRUE","FALSE","FALSE","FALSE","FALSE","FALSE","FALSE","FALSE","FALSE"
"GO:0030217","GO:0030217"," T cell differentiation",0.814065238283679," null"," null",2.16136800223497,1.80676660912927,0.765766520087918,0.89443062," 42100"," True","TRUE","FALSE","FALSE","FALSE","FALSE","FALSE","FALSE","FALSE","FALSE"
"GO:1903131","GO:1903131"," mononuclear cell differentiation",1.61117078410312," null"," null",2.45636603312904,1.71972852946936,0.7933340897468,0.91991788," 42100"," True","TRUE","FALSE","FALSE","FALSE","FALSE","FALSE","FALSE","FALSE","FALSE"
"GO:0046651","GO:0046651"," lymphocyte proliferation",0.452258465713155," null"," null",1.90848501887865,1.58921438948975,0.815832472598181,0.93523101," 42100"," True","TRUE","FALSE","FALSE","FALSE","FALSE","FALSE","FALSE","FALSE","TRUE"
"GO:0032943","GO:0032943"," mononuclear cell proliferation",0.45791169653457," null"," null",1.91381385238372,1.62279527489424,0.966361024908391,0.97016165," 42100"," True","FALSE","FALSE","FALSE","FALSE","FALSE","FALSE","FALSE","FALSE","TRUE"
"GO:0001764","GO:0001764"," neuron migration",0.667081236926904," 6.27994111326153"," -0.526984684452903",2.07554696139253,1.8053517847065,0.841924568383571,0.62037555," null"," False","FALSE","FALSE","FALSE","FALSE","FALSE","FALSE","FALSE","FALSE","FALSE"
"GO:0051271","GO:0051271"," negative regulation of cellular component movement",1.65074339985302," -6.26632270740912"," -1.60788013881558",2.46686762035411,1.65917055932004,0.903185335830964,0.63030241," null"," False","FALSE","FALSE","FALSE","FALSE","FALSE","FALSE","FALSE","FALSE","FALSE"
"GO:0043271","GO:0043271"," negative regulation of ion transport",0.80275877664085," -6.5273201844479"," -1.21168784573428",2.15533603746506,1.5762042454259,0.921171637781065,0.64049706," null"," False","FALSE","FALSE","FALSE","FALSE","FALSE","FALSE","FALSE","FALSE","FALSE"
"GO:0002764","GO:0002764"," immune response-regulating signaling pathway",2.04646955735203," -2.55591633901611"," -4.7181506446416",2.55990662503611,1.68797505779846,0.811280841840086,0.64395846," null"," False","TRUE","FALSE","TRUE","FALSE","TRUE","FALSE","FALSE","FALSE","FALSE"
"GO:0001667","GO:0001667"," ameboidal-type cell migration",1.00062185539036," 6.51264979878735"," -2.11512657366535",2.25042000230889,1.56339169886715,0.89225924759561,0.64843453," null"," False","FALSE","FALSE","FALSE","FALSE","FALSE","FALSE","FALSE","FALSE","FALSE"
"GO:0043547","GO:0043547"," positive regulation of GTPase activity",1.4472270902821," -1.26805607705976"," 7.03162406424278",2.40993312333129,1.46544107804735,0.966433854781856,0.65501655," null"," False","FALSE","FALSE","FALSE","FALSE","FALSE","FALSE","FALSE","FALSE","FALSE"
"GO:0002521","GO:0002521"," leukocyte differentiation",1.94471140256657," 4.92813559288023"," 1.63927004747567",2.53781909507327,1.72678312384419,0.793073721809781,0.65517554," null"," False","TRUE","FALSE","FALSE","FALSE","FALSE","FALSE","FALSE","FALSE","FALSE"
"GO:0030099","GO:0030099"," myeloid cell differentiation",1.25501724235401," null"," null",2.34830486304816,1.69487221755446,0.801604736844455,0.80068092," 2521"," True","TRUE","FALSE","FALSE","FALSE","FALSE","FALSE","FALSE","FALSE","FALSE"
"GO:0044782","GO:0044782"," cilium organization",1.88252586353101," 1.65288138179929"," 6.50864759581711",2.52374646681156,-1.57338993431329,0.950912264002706,0.65821689," null"," False","FALSE","FALSE","FALSE","FALSE","FALSE","FALSE","FALSE","FALSE","FALSE"
"GO:0060326","GO:0060326"," cell chemotaxis",1.14760585674713," 4.01995032204751"," -4.71338030399396",2.3096301674259,1.97865955510294,0.822169210960421,0.65850198," null"," False","FALSE","FALSE","FALSE","FALSE","FALSE","FALSE","FALSE","FALSE","FALSE"
"GO:0007411","GO:0007411"," axon guidance",1.24371078071118," null"," null",2.34439227368511,1.50800372832531,0.773990328524701,0.78465845," 60326"," True","FALSE","FALSE","FALSE","FALSE","FALSE","FALSE","FALSE","FALSE","FALSE"
"GO:0030336","GO:0030336"," negative regulation of cell migration",1.52071909096048," -6.27471237800932"," -1.81167006036746",2.43136376415899,1.67321308808107,0.894320638198433,0.65908572," null"," False","FALSE","FALSE","FALSE","FALSE","FALSE","FALSE","FALSE","FALSE","FALSE"
"GO:2000146","GO:2000146"," negative regulation of cell motility",1.6055175532817," null"," null",2.45484486000851,1.68039800649673,0.894243052318871,0.97050713," 30336"," True","FALSE","FALSE","FALSE","FALSE","FALSE","FALSE","FALSE","FALSE","FALSE"
"GO:0002237","GO:0002237"," response to molecule of bacterial origin",1.87121940188818," 2.96349869753185"," -6.83848560796497",2.52113808370404,1.55320436977941,0.929022200087855,0.66017628," null"," False","FALSE","FALSE","FALSE","FALSE","FALSE","FALSE","FALSE","FALSE","FALSE"
"GO:0002446","GO:0002446"," neutrophil mediated immunity",0.135677539713947," 2.93990631908888"," 0.305723884315297",1.39794000867204,1.43775408300219,0.875795094299855,0.66316901," null"," False","TRUE","FALSE","FALSE","FALSE","FALSE","FALSE","FALSE","FALSE","FALSE"
"GO:0030851","GO:0030851"," granulocyte differentiation",0.113064616428289," 4.87429747122216"," 1.3816204506139",1.32221929473392,2.03091061944756,0.832336574201094,0.66456124," null"," False","TRUE","FALSE","FALSE","FALSE","FALSE","FALSE","FALSE","FALSE","FALSE"
"GO:0016241","GO:0016241"," regulation of macroautophagy",0.797105545819436," -5.81369304590983"," 3.91955839664462",2.15228834438306,1.62038425019941,0.952523280227089,0.66515457," null"," False","FALSE","FALSE","FALSE","FALSE","FALSE","FALSE","FALSE","FALSE","FALSE"
"GO:0040013","GO:0040013"," negative regulation of locomotion",1.78642093956696," -6.05837970341974"," -2.53690173365171",2.50105926221775,1.65821260945708,0.917421691545479,0.66538856," null"," False","FALSE","FALSE","FALSE","FALSE","FALSE","FALSE","FALSE","FALSE","FALSE"
"GO:0001525","GO:0001525"," angiogenesis",1.78076770874555," 6.4449055558884"," 2.47255735737812",2.4996870826184,1.65739126518351,0.922159054142777,0.68517514," null"," False","FALSE","FALSE","FALSE","FALSE","FALSE","FALSE","FALSE","FALSE","FALSE"
